时间戳,T1,T2,T3,T4,T5,T6,T7,T8,T9
2026-08-04 16:35:01,26.32,26.41,26.35,26.36,26.37,26.59,26.54,26.30,26.46
2026-08-04 16:35:02,26.47,26.43,26.35,26.31,26.31,26.64,26.59,26.35,26.41
2026-08-04 16:35:03,26.57,26.48,26.36,26.31,26.37,26.61,26.59,26.33,26.41
2026-08-04 16:35:04,26.64,26.50,26.35,26.28,26.29,26.64,26.56,26.30,26.39
2026-08-04 16:35:05,26.65,26.50,26.33,26.28,26.34,26.61,26.59,26.32,26.43
2026-08-04 16:35:07,26.65,26.51,26.44,26.26,26.31,26.61,26.56,26.32,26.36
2026-08-04 16:35:08,26.59,26.52,26.39,26.16,26.21,26.56,26.61,26.32,26.44
2026-08-04 16:35:09,26.50,26.45,26.42,26.20,26.21,26.59,26.57,26.33,26.46
2026-08-04 16:35:10,26.42,26.43,26.45,26.20,26.21,26.65,26.65,26.33,26.43
2026-08-04 16:35:11,26.37,26.41,26.45,26.11,26.25,26.56,26.59,26.33,26.46
2026-08-04 16:35:12,26.93,26.41,26.50,26.17,26.20,26.68,26.62,26.36,26.43
2026-08-04 16:35:13,27.97,26.38,26.54,26.22,26.23,26.58,26.64,26.36,26.46
2026-08-04 16:35:14,28.93,26.39,26.54,26.23,26.21,26.64,26.67,26.38,26.52
2026-08-04 16:35:15,29.66,26.42,26.57,26.31,26.23,26.70,26.62,26.38,26.39
2026-08-04 16:35:16,30.20,26.46,26.66,26.45,26.20,26.68,26.61,26.39,26.46
2026-08-04 16:35:17,30.59,26.50,26.69,26.55,26.23,26.59,26.61,26.41,26.46
2026-08-04 16:35:18,30.88,26.56,26.74,26.69,26.28,26.64,26.68,26.44,26.46
2026-08-04 16:35:19,31.10,26.58,26.82,26.79,26.28,26.64,26.68,26.53,26.53
2026-08-04 16:35:20,31.27,26.64,26.93,26.94,26.31,26.67,26.68,26.51,26.55
2026-08-04 16:35:21,31.41,26.71,26.97,27.04,26.38,26.65,26.70,26.51,26.55
2026-08-04 16:35:22,31.54,26.76,27.01,27.15,26.38,26.64,26.71,26.59,26.61
2026-08-04 16:35:23,31.71,26.85,27.13,27.25,26.40,26.64,26.73,26.64,26.65
2026-08-04 16:35:24,31.90,26.91,27.19,27.44,26.44,26.67,26.74,26.70,26.68
2026-08-04 16:35:25,32.08,27.00,27.22,27.41,26.44,26.68,26.79,26.77,26.71
2026-08-04 16:35:26,32.29,27.10,27.33,27.53,25.99,26.68,26.83,26.77,26.82
2026-08-04 16:35:27,32.51,27.22,27.44,27.63,26.31,26.67,26.88,26.86,26.93
2026-08-04 16:35:28,32.73,27.32,27.45,27.66,26.49,26.74,26.88,26.89,26.93
2026-08-04 16:35:29,32.94,27.45,27.55,27.76,26.76,26.70,26.88,26.88,26.94
2026-08-04 16:35:30,33.18,27.59,27.65,27.82,26.90,26.71,26.94,27.03,27.00
2026-08-04 16:35:31,33.39,27.72,27.74,27.90,26.99,26.71,27.03,27.07,27.02
2026-08-04 16:35:32,33.56,27.83,27.82,27.95,27.07,26.73,27.08,27.10,27.17
2026-08-04 16:35:33,33.73,27.93,27.92,28.00,27.23,26.79,27.05,27.13,27.17
2026-08-04 16:35:34,33.88,28.07,27.96,28.09,27.08,26.76,27.07,27.17,27.22
2026-08-04 16:35:35,34.01,28.14,28.06,28.16,27.10,26.73,27.17,27.23,27.28
2026-08-04 16:35:36,34.13,28.25,28.18,28.22,27.11,26.79,27.23,27.29,27.31
2026-08-04 16:35:37,34.21,28.34,28.25,28.29,27.27,26.77,27.26,27.37,27.27
2026-08-04 16:35:38,34.28,28.41,28.30,28.32,27.55,26.86,27.32,27.42,27.37
2026-08-04 16:35:39,34.33,28.46,28.41,28.36,27.49,26.82,27.34,27.44,27.48
2026-08-04 16:35:40,34.36,28.51,28.51,28.43,27.62,26.88,27.41,27.48,27.51
2026-08-04 16:35:41,34.38,28.58,28.61,28.50,27.71,26.86,27.50,27.63,27.59
2026-08-04 16:35:42,34.41,28.63,28.69,28.54,27.78,26.88,27.54,27.61,27.61
2026-08-04 16:35:43,34.43,28.68,28.81,28.66,27.78,26.88,27.57,27.70,27.73
2026-08-04 16:35:44,34.46,28.75,28.87,28.74,28.01,26.96,27.64,27.79,27.77
2026-08-04 16:35:45,34.50,28.81,28.94,28.85,28.09,26.93,27.70,27.75,27.83
2026-08-04 16:35:46,34.52,28.82,29.03,28.93,28.09,26.99,27.73,27.86,27.89
2026-08-04 16:35:47,34.57,28.88,29.07,29.06,28.25,26.95,27.76,27.90,27.96
2026-08-04 16:35:48,34.59,28.94,29.16,29.18,28.25,26.96,27.88,28.02,27.99
2026-08-04 16:35:49,34.62,29.02,29.24,29.27,28.33,27.01,27.88,28.08,28.02
2026-08-04 16:35:50,34.65,29.05,29.31,29.43,28.59,27.01,27.88,28.05,28.09
2026-08-04 16:35:51,34.68,29.13,29.39,29.55,28.70,27.08,27.98,28.15,28.16
2026-08-04 16:35:52,34.72,29.19,29.40,29.62,28.74,27.01,27.95,28.21,28.23
2026-08-04 16:35:53,34.81,29.26,29.48,29.72,28.84,27.08,28.06,28.21,28.29
2026-08-04 16:35:54,34.90,29.33,29.55,29.81,28.91,27.07,28.12,28.26,28.32
2026-08-04 16:35:55,35.03,29.40,29.63,29.86,28.81,27.11,28.14,28.38,28.39
2026-08-04 16:35:56,35.18,29.52,29.71,29.92,28.85,27.14,28.19,28.46,28.43
2026-08-04 16:35:57,35.37,29.65,29.72,29.98,28.35,27.10,28.26,28.46,28.48
2026-08-04 16:35:58,35.57,29.75,29.82,30.05,29.20,27.19,28.36,28.55,28.55
2026-08-04 16:35:59,35.80,29.86,29.87,30.09,29.28,27.17,28.35,28.59,28.56
2026-08-04 16:36:00,36.00,29.97,29.92,30.13,29.35,27.19,28.48,28.67,28.69
2026-08-04 16:36:01,36.16,30.07,30.01,30.18,29.51,27.23,28.55,28.75,28.76
2026-08-04 16:36:03,36.34,30.26,30.11,30.26,29.60,27.25,28.59,28.80,28.83
2026-08-04 16:36:04,36.47,30.34,30.19,30.32,29.70,27.30,28.62,28.86,28.92
2026-08-04 16:36:05,36.54,30.44,30.23,30.38,29.67,27.33,28.70,28.89,28.99
2026-08-04 16:36:06,36.60,30.54,30.36,30.46,29.79,27.35,28.73,29.00,29.04
2026-08-04 16:36:08,36.62,30.59,30.49,30.53,29.86,27.36,28.84,29.09,29.10
2026-08-04 16:36:09,36.64,30.64,30.59,30.62,29.73,27.38,28.93,29.12,29.20
2026-08-04 16:36:10,36.67,30.72,30.69,30.69,30.35,27.41,28.97,29.16,29.25
2026-08-04 16:36:11,36.71,30.78,30.81,30.75,30.46,27.48,29.02,29.23,29.29
2026-08-04 16:36:13,36.74,30.84,30.89,30.84,30.52,27.48,29.08,29.32,29.36
2026-08-04 16:36:14,36.77,30.91,30.99,30.93,30.58,27.51,29.14,29.40,29.49
2026-08-04 16:36:15,36.81,30.98,31.09,31.12,30.65,27.49,29.21,29.41,29.51
2026-08-04 16:36:16,36.83,31.04,31.16,31.26,30.71,27.61,29.26,29.55,29.60
2026-08-04 16:36:18,36.84,31.12,31.25,31.40,30.76,27.55,29.36,29.60,29.68
2026-08-04 16:36:19,36.88,31.16,31.32,31.49,30.78,27.61,29.37,29.62,29.67
2026-08-04 16:36:20,36.93,31.24,31.46,31.65,30.81,27.61,29.45,29.73,29.75
2026-08-04 16:36:21,37.00,31.34,31.51,31.75,30.77,27.67,29.51,29.83,29.87
2026-08-04 16:36:23,37.09,31.42,31.61,31.86,30.18,27.67,29.56,29.88,29.97
2026-08-04 16:36:24,37.23,31.53,31.74,31.96,30.75,27.70,29.66,30.00,29.98
2026-08-04 16:36:25,37.38,31.66,31.84,32.06,31.11,27.74,29.66,30.05,30.11
2026-08-04 16:36:27,37.58,31.77,31.91,32.09,31.25,27.77,29.82,30.10,30.21
2026-08-04 16:36:28,37.77,31.89,32.01,32.21,31.35,27.81,29.81,30.13,30.22
2026-08-04 16:36:29,38.03,32.03,32.08,32.28,31.47,27.84,29.88,30.21,30.28
2026-08-04 16:36:30,38.24,32.20,32.17,32.31,31.58,27.90,30.01,30.33,30.38
2026-08-04 16:36:32,38.42,32.38,32.24,32.38,31.66,27.93,30.09,30.40,30.48
2026-08-04 16:36:33,38.59,32.49,32.39,32.49,31.66,27.96,30.16,30.42,30.52
2026-08-04 16:36:34,38.69,32.59,32.54,32.58,31.74,27.93,30.16,30.56,30.60
2026-08-04 16:36:35,38.79,32.71,32.64,32.71,31.96,28.03,30.29,30.64,30.69
2026-08-04 16:36:37,38.87,32.80,32.76,32.87,32.03,28.07,30.41,30.77,30.78
2026-08-04 16:36:38,38.92,32.88,32.85,32.88,31.77,28.09,30.44,30.77,30.87
2026-08-04 16:36:39,38.97,32.95,32.94,32.96,32.47,28.09,30.46,30.93,30.91
2026-08-04 16:36:40,39.02,33.05,33.05,32.99,32.64,28.13,30.56,30.93,31.07
2026-08-04 16:36:42,39.08,33.14,33.15,33.06,32.75,28.16,30.65,31.07,31.08
2026-08-04 16:36:43,39.17,33.24,33.26,33.21,32.80,28.23,30.72,31.07,31.16
2026-08-04 16:36:44,39.24,33.32,33.34,33.32,32.86,28.27,30.83,31.20,31.32
2026-08-04 16:36:45,39.36,33.42,33.47,33.43,32.97,28.30,30.86,31.25,31.42
2026-08-04 16:36:47,39.46,33.50,33.51,33.48,33.03,28.28,30.94,31.33,31.40
2026-08-04 16:36:48,39.57,33.60,33.58,33.63,33.13,28.37,31.03,31.41,31.51
2026-08-04 16:36:49,39.68,33.70,33.69,33.73,33.20,28.40,31.13,31.55,31.59
2026-08-04 16:36:51,39.80,33.81,33.78,33.80,33.27,28.43,31.17,31.57,31.73
2026-08-04 16:36:52,39.92,33.92,33.87,33.92,33.35,28.51,31.28,31.67,31.79
2026-08-04 16:36:53,40.03,34.04,33.99,34.02,33.46,28.48,31.34,31.73,31.85
2026-08-04 16:36:54,40.15,34.11,34.05,34.09,33.54,28.58,31.42,31.83,31.92
2026-08-04 16:36:56,40.28,34.20,34.14,34.19,33.59,28.55,31.48,31.89,32.04
2026-08-04 16:36:57,40.39,34.32,34.23,34.30,33.65,28.60,31.57,31.92,32.07
2026-08-04 16:36:58,40.48,34.40,34.28,34.34,33.75,28.67,31.64,32.02,32.20
2026-08-04 16:36:59,40.55,34.48,34.31,34.47,33.77,28.65,31.69,32.12,32.26
2026-08-04 16:37:00,40.63,34.52,34.43,34.53,33.77,28.74,31.70,32.14,32.35
2026-08-04 16:37:01,40.67,34.59,34.46,34.59,33.77,28.69,31.78,32.18,32.35
2026-08-04 16:37:02,40.70,34.64,34.56,34.68,33.64,28.78,31.79,32.26,32.43
2026-08-04 16:37:03,40.68,34.67,34.64,34.78,33.92,28.78,31.92,32.33,32.50
2026-08-04 16:37:04,40.68,34.71,34.72,34.87,33.99,28.79,31.94,32.39,32.58
2026-08-04 16:37:05,40.66,34.74,34.79,34.97,34.09,28.86,32.05,32.45,32.60
2026-08-04 16:37:06,40.65,34.79,34.83,35.05,34.17,28.86,32.05,32.50,32.71
2026-08-04 16:37:07,40.65,34.85,34.90,35.13,34.23,28.89,32.13,32.62,32.80
2026-08-04 16:37:08,40.64,34.90,35.01,35.24,34.27,28.92,32.17,32.60,32.78
2026-08-04 16:37:09,40.67,34.95,35.07,35.25,34.25,28.93,32.26,32.69,32.90
2026-08-04 16:37:10,40.72,35.00,35.13,35.34,34.36,28.94,32.29,32.75,32.91
2026-08-04 16:37:11,40.78,35.08,35.21,35.39,34.33,28.99,32.41,32.79,33.00
2026-08-04 16:37:12,40.85,35.17,35.26,35.46,34.58,29.05,32.43,32.85,33.05
2026-08-04 16:37:13,40.95,35.22,35.35,35.51,34.70,29.07,32.48,32.95,33.13
2026-08-04 16:37:14,41.09,35.34,35.49,35.60,34.82,29.12,32.59,33.01,33.23
2026-08-04 16:37:16,41.19,35.45,35.54,35.60,34.89,29.08,32.65,33.05,33.26
2026-08-04 16:37:17,41.35,35.55,35.65,35.67,35.00,29.21,32.74,33.12,33.38
2026-08-04 16:37:18,41.47,35.62,35.68,35.77,35.01,29.23,32.80,33.20,33.44
2026-08-04 16:37:20,41.57,35.71,35.77,35.82,35.09,29.28,32.89,33.25,33.49
2026-08-04 16:37:21,41.65,35.82,35.88,35.91,35.17,29.33,32.96,33.35,33.62
2026-08-04 16:37:22,41.74,35.87,35.93,35.97,35.16,29.36,33.03,33.40,33.67
2026-08-04 16:37:23,41.83,35.96,36.01,36.04,35.30,29.38,33.11,33.49,33.74
2026-08-04 16:37:25,41.88,36.04,36.05,36.14,35.25,29.43,33.13,33.59,33.78
2026-08-04 16:37:26,41.93,36.09,36.11,36.25,35.73,29.45,33.20,33.64,33.87
2026-08-04 16:37:27,41.98,36.16,36.19,36.34,35.81,29.45,33.28,33.69,33.98
2026-08-04 16:37:28,42.01,36.21,36.26,36.47,35.86,29.51,33.33,33.78,34.04
2026-08-04 16:37:30,42.04,36.28,36.31,36.55,35.96,29.52,33.42,33.84,34.12
2026-08-04 16:37:31,42.11,36.34,36.38,36.60,36.03,29.63,33.48,33.92,34.17
2026-08-04 16:37:32,42.22,36.40,36.45,36.68,36.13,29.67,33.55,33.95,34.20
2026-08-04 16:37:33,42.33,36.52,36.52,36.73,36.19,29.70,33.58,34.04,34.28
2026-08-04 16:37:35,42.49,36.59,36.58,36.84,36.31,29.78,33.71,34.10,34.33
2026-08-04 16:37:36,42.67,36.70,36.60,36.85,36.41,29.75,33.70,34.23,34.40
2026-08-04 16:37:37,42.85,36.79,36.70,36.94,36.51,29.83,33.83,34.26,34.46
2026-08-04 16:37:38,43.02,36.92,36.78,36.96,36.60,29.85,33.87,34.31,34.53
2026-08-04 16:37:40,43.14,37.00,36.81,36.99,36.64,29.85,33.90,34.36,34.59
2026-08-04 16:37:41,43.27,37.09,36.90,37.08,36.69,29.87,34.00,34.42,34.63
2026-08-04 16:37:42,43.37,37.17,36.95,37.13,36.95,29.91,34.09,34.49,34.71
2026-08-04 16:37:44,43.42,37.25,36.99,37.16,37.23,29.91,34.20,34.59,34.79
2026-08-04 16:37:45,43.49,37.30,37.08,37.21,37.28,30.01,34.20,34.58,34.84
2026-08-04 16:37:46,43.52,37.36,37.14,37.30,37.37,29.95,34.26,34.64,34.91
2026-08-04 16:37:47,43.56,37.41,37.23,37.33,37.44,30.01,34.33,34.77,35.01
2026-08-04 16:37:49,43.58,37.48,37.30,37.39,37.46,30.09,34.38,34.78,34.99
2026-08-04 16:37:50,43.59,37.52,37.34,37.45,37.53,30.11,34.43,34.85,35.02
2026-08-04 16:37:51,43.62,37.58,37.42,37.50,37.58,30.15,34.57,34.93,35.15
2026-08-04 16:37:52,43.65,37.61,37.46,37.56,37.62,30.18,34.57,34.98,35.21
2026-08-04 16:37:54,43.69,37.65,37.55,37.63,37.67,30.25,34.65,34.99,35.21
2026-08-04 16:37:55,43.71,37.69,37.61,37.68,37.75,30.18,34.68,35.07,35.31
2026-08-04 16:37:56,43.75,37.76,37.66,37.73,37.80,30.30,34.74,35.10,35.33
2026-08-04 16:37:58,43.78,37.81,37.70,37.84,37.86,30.35,34.80,35.17,35.41
2026-08-04 16:37:59,43.82,37.86,37.78,37.91,37.88,30.30,34.81,35.20,35.44
2026-08-04 16:38:00,43.84,37.91,37.78,37.99,37.96,30.41,34.87,35.28,35.54
2026-08-04 16:38:01,43.88,37.94,37.83,38.12,38.01,30.42,34.96,35.31,35.58
2026-08-04 16:38:03,43.91,37.99,37.89,38.25,38.04,30.45,35.02,35.40,35.61
2026-08-04 16:38:04,43.97,38.05,37.94,38.33,38.12,30.47,35.04,35.40,35.70
2026-08-04 16:38:05,44.13,38.12,37.98,38.18,38.19,30.51,35.10,35.52,35.70
2026-08-04 16:38:06,44.25,38.22,38.02,38.21,38.20,30.55,35.14,35.51,35.78
2026-08-04 16:38:08,44.32,38.26,38.13,38.27,38.27,30.53,35.19,35.53,35.76
2026-08-04 16:38:09,44.35,38.30,38.13,38.33,38.31,30.55,35.26,35.61,35.83
2026-08-04 16:38:10,44.42,38.35,38.22,38.35,38.38,30.59,35.32,35.62,35.89
2026-08-04 16:38:11,44.48,38.40,38.26,38.39,38.46,30.62,35.39,35.71,35.91
2026-08-04 16:38:13,44.53,38.45,38.27,38.46,38.49,30.70,35.42,35.75,35.98
2026-08-04 16:38:14,44.59,38.52,38.30,38.51,38.54,30.67,35.50,35.79,36.04
2026-08-04 16:38:15,44.64,38.58,38.34,38.54,38.59,30.71,35.53,35.81,36.08
2026-08-04 16:38:17,44.68,38.61,38.39,38.60,38.64,30.75,35.54,35.87,36.14
2026-08-04 16:38:18,44.74,38.66,38.43,38.64,38.70,30.83,35.60,35.90,36.13
2026-08-04 16:38:19,44.79,38.71,38.46,38.69,38.77,30.81,35.65,35.94,36.21
2026-08-04 16:38:20,44.83,38.78,38.51,38.74,38.81,30.87,35.68,36.00,36.27
2026-08-04 16:38:22,44.88,38.81,38.56,38.76,38.82,30.92,35.70,36.00,36.31
2026-08-04 16:38:23,44.92,38.85,38.55,38.82,38.85,30.89,35.76,36.03,36.31
2026-08-04 16:38:24,44.95,38.89,38.64,38.86,38.90,30.96,35.81,36.09,36.36
2026-08-04 16:38:25,44.99,38.91,38.68,38.86,38.93,31.02,35.87,36.19,36.38
2026-08-04 16:38:27,45.03,38.95,38.72,38.95,39.00,31.00,35.92,36.20,36.43
2026-08-04 16:38:28,45.06,38.97,38.74,38.97,39.01,31.01,35.85,36.22,36.44
2026-08-04 16:38:29,45.09,39.00,38.77,39.04,39.04,31.06,35.92,36.22,36.51
2026-08-04 16:38:30,45.13,39.03,38.80,39.06,39.09,31.07,35.89,36.30,36.51
2026-08-04 16:38:32,45.17,39.05,38.83,39.09,39.13,31.16,36.00,36.33,36.51
2026-08-04 16:38:33,45.19,39.10,38.89,39.11,39.16,31.16,36.05,36.37,36.58
2026-08-04 16:38:34,45.23,39.13,38.91,39.16,39.18,31.18,36.06,36.35,36.58
2026-08-04 16:38:35,45.27,39.15,38.93,39.21,39.22,31.19,36.08,36.45,36.62
2026-08-04 16:38:37,45.31,39.20,38.95,39.24,39.24,31.24,36.09,36.46,36.68
2026-08-04 16:38:38,45.32,39.23,39.00,39.28,39.29,31.29,36.14,36.51,36.71
2026-08-04 16:38:39,45.35,39.24,39.05,39.29,39.33,31.36,36.25,36.53,36.70
2026-08-04 16:38:40,45.39,39.29,39.05,39.32,39.33,31.37,36.25,36.56,36.75
2026-08-04 16:38:42,45.43,39.32,39.09,39.36,39.37,31.43,36.26,36.62,36.76
2026-08-04 16:38:43,45.46,39.34,39.13,39.37,39.43,31.45,36.27,36.67,36.81
2026-08-04 16:38:44,45.49,39.38,39.15,39.40,39.45,31.46,36.34,36.69,36.85
2026-08-04 16:38:45,45.52,39.43,39.22,39.47,39.49,31.57,36.39,36.72,36.83
2026-08-04 16:38:47,45.54,39.44,39.22,39.46,39.52,31.55,36.40,36.75,36.94
2026-08-04 16:38:48,45.57,39.48,39.23,39.48,39.55,31.61,36.42,36.83,36.92
2026-08-04 16:38:49,45.61,39.51,39.25,39.54,39.56,31.70,36.42,36.83,36.97
2026-08-04 16:38:50,45.63,39.53,39.29,39.54,39.59,31.71,36.47,36.84,36.99
2026-08-04 16:38:52,45.65,39.57,39.30,39.57,39.62,31.75,36.55,36.92,37.01
2026-08-04 16:38:53,45.68,39.59,39.35,39.57,39.65,31.73,36.52,36.93,37.07
2026-08-04 16:38:54,45.72,39.62,39.35,39.62,39.70,31.80,36.61,36.92,37.08
2026-08-04 16:38:55,45.74,39.68,39.36,39.63,39.73,31.75,36.61,36.97,37.09
2026-08-04 16:38:57,45.77,39.69,39.39,39.65,39.73,31.87,36.67,36.99,37.11
2026-08-04 16:38:58,45.80,39.71,39.42,39.70,39.80,31.80,36.69,37.02,37.14
2026-08-04 16:38:59,45.82,39.75,39.45,39.71,39.81,31.87,36.67,37.02,37.19
2026-08-04 16:39:00,45.84,39.80,39.47,39.74,39.83,31.93,36.73,37.07,37.20
2026-08-04 16:39:02,45.85,39.83,39.51,39.76,39.85,31.99,36.76,37.11,37.23
2026-08-04 16:39:03,45.89,39.83,39.50,39.78,39.88,31.93,36.76,37.11,37.22
2026-08-04 16:39:04,45.90,39.87,39.53,39.76,39.88,31.97,36.80,37.13,37.31
2026-08-04 16:39:06,45.92,39.86,39.56,39.76,39.91,32.04,36.82,37.17,37.32
2026-08-04 16:39:07,45.93,39.90,39.59,39.78,39.95,31.99,36.82,37.17,37.32
2026-08-04 16:39:08,45.96,39.91,39.58,39.84,39.95,32.02,36.87,37.24,37.37
2026-08-04 16:39:09,45.96,39.94,39.61,39.83,39.97,32.07,36.89,37.28,37.42
2026-08-04 16:39:11,45.97,39.94,39.65,39.87,39.99,32.13,36.90,37.29,37.39
2026-08-04 16:39:12,45.98,39.94,39.66,39.88,40.02,32.15,36.92,37.28,37.42
2026-08-04 16:39:13,45.99,39.97,39.67,39.90,40.03,32.08,36.90,37.30,37.45
2026-08-04 16:39:14,46.01,39.98,39.72,39.92,40.06,32.19,36.95,37.30,37.43
2026-08-04 16:39:16,46.02,40.00,39.72,39.93,40.06,32.22,36.98,37.38,37.46
2026-08-04 16:39:17,46.04,40.02,39.74,39.96,40.09,32.30,37.01,37.38,37.49
2026-08-04 16:39:18,46.05,40.03,39.74,39.98,40.09,32.30,36.99,37.39,37.52
2026-08-04 16:39:19,46.05,40.06,39.77,40.00,40.11,32.32,37.07,37.44,37.56
2026-08-04 16:39:21,46.08,40.08,39.79,40.01,40.15,32.34,37.10,37.45,37.55
2026-08-04 16:39:22,46.10,40.09,39.81,40.05,40.18,32.34,37.07,37.46,37.56
2026-08-04 16:39:23,46.11,40.11,39.83,40.06,40.19,32.35,37.13,37.47,37.56
2026-08-04 16:39:24,46.12,40.13,39.85,40.09,40.20,32.32,37.11,37.49,37.66
2026-08-04 16:39:26,46.13,40.14,39.85,40.05,40.20,32.40,37.18,37.54,37.66
2026-08-04 16:39:27,46.14,40.15,39.88,40.07,40.23,32.38,37.17,37.55,37.65
2026-08-04 16:39:28,46.16,40.18,39.90,40.11,40.24,32.42,37.21,37.58,37.70
2026-08-04 16:39:29,46.18,40.18,39.90,40.11,40.27,32.40,37.25,37.60,37.69
2026-08-04 16:39:31,46.18,40.20,39.90,40.14,40.28,32.46,37.22,37.58,37.73
2026-08-04 16:39:32,46.19,40.21,39.94,40.16,40.30,32.50,37.25,37.61,37.77
2026-08-04 16:39:33,46.21,40.23,39.97,40.17,40.31,32.53,37.27,37.63,37.75
2026-08-04 16:39:34,46.22,40.25,39.97,40.17,40.32,32.55,37.28,37.64,37.81
2026-08-04 16:39:36,46.23,40.26,39.98,40.17,40.31,32.58,37.30,37.66,37.82
2026-08-04 16:39:37,46.26,40.26,40.00,40.19,40.37,32.63,37.28,37.68,37.84
2026-08-04 16:39:38,46.26,40.27,40.01,40.21,40.35,32.69,37.36,37.72,37.84
2026-08-04 16:39:40,46.27,40.31,40.02,40.21,40.39,32.71,37.36,37.72,37.82
2026-08-04 16:39:41,46.28,40.31,40.04,40.22,40.41,32.71,37.35,37.74,37.87
2026-08-04 16:39:42,46.29,40.34,40.05,40.27,40.40,32.67,37.39,37.77,37.85
2026-08-04 16:39:43,46.29,40.33,40.06,40.27,40.44,32.75,37.40,37.78,37.90
2026-08-04 16:39:45,46.31,40.34,40.08,40.27,40.44,32.74,37.42,37.82,37.89
2026-08-04 16:39:46,46.32,40.33,40.06,40.31,40.45,32.66,37.44,37.77,37.88
2026-08-04 16:39:47,46.32,40.35,40.11,40.32,40.45,32.76,37.41,37.79,37.90
2026-08-04 16:39:48,46.33,40.35,40.09,40.34,40.47,32.67,37.45,37.83,37.95
2026-08-04 16:39:50,46.34,40.36,40.11,40.36,40.48,32.70,37.46,37.79,37.93
2026-08-04 16:39:51,46.34,40.38,40.12,40.38,40.47,32.67,37.49,37.85,38.00
2026-08-04 16:39:52,46.36,40.40,40.14,40.37,40.51,32.72,37.48,37.89,37.96
2026-08-04 16:39:53,46.38,40.40,40.14,40.41,40.52,32.69,37.57,37.86,38.03
2026-08-04 16:39:55,46.39,40.42,40.16,40.43,40.57,32.72,37.56,37.90,38.00
2026-08-04 16:39:56,46.42,40.45,40.18,40.41,40.54,32.77,37.46,37.94,38.04
2026-08-04 16:39:57,46.43,40.48,40.17,40.42,40.56,32.83,37.58,37.88,38.05
2026-08-04 16:39:58,46.44,40.48,40.21,40.44,40.59,32.80,37.59,37.91,38.03
2026-08-04 16:40:00,46.46,40.51,40.18,40.46,40.58,32.82,37.60,37.92,38.07
2026-08-04 16:40:01,46.47,40.52,40.21,40.47,40.59,32.78,37.61,37.92,38.09
2026-08-04 16:40:02,46.49,40.53,40.20,40.48,40.61,32.87,37.63,37.95,38.07
2026-08-04 16:40:03,46.50,40.54,40.24,40.43,40.62,32.82,37.63,38.00,38.08
2026-08-04 16:40:05,46.50,40.54,40.22,40.46,40.64,32.87,37.71,37.98,38.15
2026-08-04 16:40:06,46.50,40.53,40.24,40.48,40.65,32.85,37.73,38.02,38.15
2026-08-04 16:40:07,46.51,40.55,40.26,40.47,40.66,32.88,37.70,38.01,38.18
2026-08-04 16:40:08,46.52,40.55,40.31,40.46,40.66,32.83,37.68,37.99,38.15
2026-08-04 16:40:10,46.52,40.57,40.32,40.47,40.68,32.88,37.73,38.05,38.17
2026-08-04 16:40:11,46.53,40.57,40.30,40.51,40.69,32.85,37.75,38.06,38.20
2026-08-04 16:40:12,46.53,40.58,40.31,40.52,40.69,32.88,37.76,38.04,38.22
2026-08-04 16:40:13,46.54,40.59,40.33,40.52,40.71,32.92,37.76,38.07,38.26
2026-08-04 16:40:15,46.55,40.58,40.34,40.52,40.71,32.96,37.78,38.06,38.23
2026-08-04 16:40:16,46.55,40.59,40.34,40.55,40.71,32.93,37.79,38.07,38.28
2026-08-04 16:40:17,46.55,40.58,40.36,40.59,40.74,32.97,37.82,38.12,38.29
2026-08-04 16:40:18,46.55,40.59,40.36,40.57,40.73,33.03,37.81,38.13,38.26
2026-08-04 16:40:20,46.56,40.60,40.36,40.58,40.74,33.04,37.79,38.19,38.31
2026-08-04 16:40:21,46.57,40.60,40.39,40.61,40.71,33.03,37.85,38.16,38.28
2026-08-04 16:40:22,46.57,40.61,40.39,40.60,40.73,33.05,37.86,38.16,38.29
2026-08-04 16:40:24,46.58,40.63,40.38,40.61,40.74,33.04,37.84,38.17,38.29
2026-08-04 16:40:25,46.60,40.63,40.42,40.63,40.77,33.13,37.91,38.20,38.34
2026-08-04 16:40:26,46.60,40.64,40.40,40.64,40.79,33.04,37.90,38.21,38.31
2026-08-04 16:40:27,46.60,40.65,40.39,40.63,40.77,33.11,37.95,38.24,38.32
2026-08-04 16:40:29,46.62,40.65,40.42,40.63,40.78,33.09,37.93,38.20,38.33
2026-08-04 16:40:30,46.63,40.66,40.44,40.64,40.78,33.11,37.92,38.22,38.35
2026-08-04 16:40:31,46.65,40.67,40.44,40.65,40.81,33.13,37.94,38.27,38.38
2026-08-04 16:40:32,46.65,40.70,40.47,40.64,40.82,33.13,37.95,38.26,38.39
2026-08-04 16:40:34,46.66,40.71,40.47,40.65,40.85,33.15,37.95,38.26,38.38
2026-08-04 16:40:35,46.67,40.71,40.46,40.67,40.85,33.16,37.98,38.27,38.39
2026-08-04 16:40:36,46.68,40.74,40.47,40.65,40.84,33.21,37.98,38.28,38.41
2026-08-04 16:40:37,46.69,40.73,40.47,40.65,40.86,33.14,38.00,38.28,38.41
2026-08-04 16:40:39,46.71,40.74,40.48,40.65,40.87,33.19,38.02,38.31,38.41
2026-08-04 16:40:40,46.72,40.75,40.48,40.68,40.89,33.15,38.03,38.35,38.44
2026-08-04 16:40:41,46.72,40.77,40.49,40.68,40.86,33.15,38.02,38.31,38.43
2026-08-04 16:40:42,46.75,40.78,40.47,40.68,40.88,33.21,38.03,38.37,38.42
2026-08-04 16:40:44,46.76,40.79,40.52,40.70,40.91,33.13,38.03,38.34,38.44
2026-08-04 16:40:45,46.76,40.80,40.49,40.72,40.93,33.21,38.07,38.36,38.47
2026-08-04 16:40:46,46.78,40.80,40.51,40.73,40.92,33.14,38.04,38.36,38.47
2026-08-04 16:40:47,46.78,40.81,40.53,40.73,40.93,33.19,38.07,38.41,38.44
2026-08-04 16:40:49,46.78,40.81,40.52,40.75,40.90,33.19,38.12,38.42,38.45
2026-08-04 16:40:50,46.78,40.82,40.54,40.73,40.92,33.21,38.11,38.41,38.45
2026-08-04 16:40:51,46.78,40.79,40.56,40.76,40.91,33.21,38.13,38.40,38.47
2026-08-04 16:40:52,46.78,40.78,40.54,40.78,40.94,33.28,38.13,38.45,38.47
2026-08-04 16:40:54,46.78,40.80,40.55,40.79,40.95,33.22,38.14,38.45,38.52
2026-08-04 16:40:55,46.79,40.81,40.58,40.79,40.91,33.27,38.16,38.47,38.49
2026-08-04 16:40:56,46.78,40.80,40.61,40.77,40.94,33.34,38.18,38.48,38.50
2026-08-04 16:40:58,46.78,40.80,40.60,40.78,40.92,33.35,38.13,38.45,38.53
2026-08-04 16:40:59,46.79,40.80,40.61,40.82,40.93,33.40,38.21,38.48,38.53
2026-08-04 16:41:00,46.79,40.81,40.58,40.79,40.94,33.39,38.15,38.48,38.53
2026-08-04 16:41:01,46.80,40.83,40.61,40.79,40.97,33.47,38.18,38.50,38.56
2026-08-04 16:41:03,46.82,40.84,40.62,40.79,40.99,33.35,38.19,38.53,38.56
2026-08-04 16:41:04,46.83,40.85,40.61,40.77,41.00,33.42,38.21,38.55,38.56
2026-08-04 16:41:05,46.83,40.86,40.65,40.79,41.00,33.33,38.17,38.49,38.58
2026-08-04 16:41:06,46.84,40.87,40.64,40.78,41.02,33.38,38.25,38.55,38.59
2026-08-04 16:41:08,46.86,40.87,40.66,40.79,41.01,33.34,38.22,38.56,38.61
2026-08-04 16:41:09,46.87,40.89,40.64,40.81,41.03,33.32,38.28,38.59,38.58
2026-08-04 16:41:10,46.87,40.89,40.65,40.79,41.04,33.33,38.29,38.58,38.59
2026-08-04 16:41:11,46.89,40.92,40.66,40.83,41.03,33.32,38.30,38.55,38.59
2026-08-04 16:41:13,46.91,40.92,40.66,40.79,41.05,33.33,38.28,38.55,38.66
2026-08-04 16:41:14,46.92,40.93,40.67,40.82,41.06,33.34,38.29,38.56,38.66
2026-08-04 16:41:15,46.92,40.94,40.71,40.85,41.06,33.33,38.31,38.60,38.62
2026-08-04 16:41:16,46.92,40.94,40.65,40.85,41.05,33.35,38.34,38.60,38.62
2026-08-04 16:41:18,46.92,40.94,40.68,40.87,41.07,33.38,38.28,38.62,38.63
2026-08-04 16:41:19,46.93,40.94,40.68,40.87,41.06,33.38,38.34,38.60,38.66
2026-08-04 16:41:20,46.93,40.93,40.69,40.87,41.06,33.40,38.36,38.67,38.67
2026-08-04 16:41:21,46.92,40.93,40.69,40.87,41.06,33.38,38.35,38.63,38.68
2026-08-04 16:41:23,46.93,40.91,40.71,40.87,41.08,33.37,38.36,38.60,38.71
2026-08-04 16:41:24,46.92,40.93,40.69,40.91,41.08,33.32,38.36,38.64,38.71
2026-08-04 16:41:25,46.92,40.93,40.72,40.90,41.08,33.34,38.37,38.61,38.67
2026-08-04 16:41:27,46.92,40.92,40.71,40.92,41.08,33.35,38.39,38.64,38.70
2026-08-04 16:41:28,46.93,40.92,40.73,40.91,41.08,33.39,38.37,38.63,38.70
2026-08-04 16:41:29,46.94,40.92,40.75,40.89,41.09,33.35,38.39,38.67,38.75
2026-08-04 16:41:39,47.02,41.00,40.79,40.90,41.16,33.56,38.46,38.74,38.79
2026-08-04 16:41:40,47.02,41.00,40.78,40.89,41.15,33.56,38.44,38.73,38.79
2026-08-04 16:41:42,47.03,41.02,40.81,40.92,41.15,33.58,38.48,38.70,38.80
2026-08-04 16:41:43,47.03,41.02,40.80,40.92,41.19,33.56,38.49,38.75,38.82
2026-08-04 16:41:44,47.05,41.04,40.76,40.93,41.19,33.64,38.47,38.74,38.82
2026-08-04 16:41:45,47.06,41.03,40.78,40.96,41.17,33.63,38.46,38.77,38.85
2026-08-04 16:41:47,47.06,41.05,40.79,40.96,41.18,33.53,38.48,38.76,38.86
2026-08-04 16:41:48,47.06,41.05,40.81,40.96,41.18,33.55,38.54,38.75,38.85
2026-08-04 16:41:49,47.05,41.02,40.81,40.96,41.18,33.53,38.50,38.76,38.82
2026-08-04 16:41:51,47.05,41.02,40.84,40.96,41.20,33.49,38.52,38.78,38.87
2026-08-04 16:41:52,47.04,41.00,40.83,40.98,41.17,33.46,38.50,38.76,38.83
2026-08-04 16:41:53,47.05,41.00,40.81,41.00,41.17,33.40,38.51,38.81,38.82
2026-08-04 16:41:54,47.05,40.99,40.83,41.00,41.18,33.33,38.50,38.79,38.86
2026-08-04 16:41:56,47.06,41.00,40.84,41.00,41.19,33.39,38.55,38.81,38.87
2026-08-04 16:41:57,47.05,41.01,40.86,41.00,41.18,33.38,38.51,38.75,38.89
2026-08-04 16:41:58,47.06,41.03,40.86,40.99,41.17,33.35,38.57,38.77,38.88
2026-08-04 16:41:59,47.06,41.03,40.83,40.98,41.19,33.40,38.55,38.79,38.88
2026-08-04 16:42:01,47.07,41.02,40.87,40.97,41.19,33.40,38.58,38.83,38.94
2026-08-04 16:42:02,47.08,41.03,40.87,40.96,41.22,33.42,38.55,38.81,38.88
2026-08-04 16:42:03,47.08,41.04,40.88,40.99,41.23,33.42,38.54,38.79,38.91
2026-08-04 16:42:04,47.10,41.06,40.87,40.95,41.20,33.43,38.61,38.82,38.93
2026-08-04 16:42:06,47.12,41.07,40.88,40.97,41.21,33.42,38.59,38.83,38.94
2026-08-04 16:42:07,47.12,41.08,40.90,40.97,41.24,33.44,38.58,38.79,38.90
2026-08-04 16:42:08,47.13,41.08,40.87,40.97,41.25,33.45,38.57,38.87,38.93
2026-08-04 16:42:09,47.14,41.08,40.90,40.99,41.23,33.45,38.56,38.86,38.93
2026-08-04 16:42:11,47.15,41.10,40.90,41.01,41.25,33.45,38.62,38.84,38.93
2026-08-04 16:42:12,47.16,41.10,40.90,41.02,41.24,33.50,38.66,38.86,38.99
2026-08-04 16:42:13,47.17,41.10,40.90,41.01,41.27,33.47,38.60,38.83,38.93
2026-08-04 16:42:14,47.17,41.11,40.89,41.02,41.27,33.50,38.61,38.89,38.95
2026-08-04 16:42:16,47.17,41.10,40.90,41.03,41.25,33.45,38.60,38.87,38.93
2026-08-04 16:42:17,47.17,41.11,40.93,41.04,41.23,33.44,38.61,38.85,38.97
2026-08-04 16:42:18,47.17,41.11,40.91,41.05,41.24,33.47,38.64,38.87,38.99
2026-08-04 16:42:20,47.16,41.09,40.90,41.03,41.27,33.47,38.63,38.89,38.98
2026-08-04 16:42:21,47.16,41.08,40.93,41.04,41.27,33.47,38.62,38.84,38.93
2026-08-04 16:42:22,47.15,41.09,40.93,41.03,41.27,33.44,38.62,38.87,38.93
2026-08-04 16:42:23,47.16,41.08,40.92,41.11,41.27,33.47,38.60,38.87,39.02
2026-08-04 16:42:25,47.16,41.08,40.94,41.08,41.27,33.56,38.63,38.88,39.02
2026-08-04 16:42:26,47.16,41.07,40.96,41.07,41.29,33.56,38.61,38.81,38.98
2026-08-04 16:42:27,47.17,41.08,40.97,41.02,41.25,33.51,38.63,38.89,39.01
2026-08-04 16:42:28,47.18,41.10,40.96,41.08,41.27,33.57,38.67,38.92,39.06
2026-08-04 16:42:30,47.18,41.09,40.96,41.05,41.28,33.59,38.63,38.89,39.04
2026-08-04 16:42:31,47.20,41.10,40.98,41.02,41.27,33.63,38.61,38.93,39.04
2026-08-04 16:42:32,47.21,41.12,41.00,41.02,41.29,33.73,38.67,38.88,39.03
2026-08-04 16:42:33,47.22,41.13,40.98,41.02,41.29,33.69,38.69,38.92,39.05
2026-08-04 16:42:35,47.22,41.12,40.99,41.02,41.31,33.69,38.64,38.95,39.04
2026-08-04 16:42:36,47.23,41.14,40.99,41.04,41.32,33.76,38.70,38.94,39.06
2026-08-04 16:42:37,47.24,41.15,40.98,41.03,41.31,33.73,38.67,38.94,39.01
2026-08-04 16:42:38,47.24,41.14,40.97,41.05,41.31,33.77,38.68,38.92,39.07
2026-08-04 16:42:40,47.25,41.15,41.00,41.06,41.32,33.76,38.69,38.94,39.09
2026-08-04 16:42:41,47.26,41.17,41.00,41.05,41.32,33.82,38.66,38.98,39.06
2026-08-04 16:42:42,47.28,41.17,41.00,41.08,41.34,33.82,38.71,38.97,39.06
2026-08-04 16:42:43,47.27,41.18,41.01,41.08,41.33,33.77,38.70,38.95,39.09
2026-08-04 16:42:45,47.28,41.17,40.98,41.08,41.35,33.83,38.68,38.96,39.08
2026-08-04 16:42:46,47.29,41.19,41.01,41.10,41.33,33.83,38.72,38.98,39.08
2026-08-04 16:42:47,47.28,41.17,41.02,41.10,41.34,33.90,38.68,38.94,39.09
2026-08-04 16:42:48,47.28,41.17,41.04,41.13,41.33,33.89,38.70,39.01,39.10
2026-08-04 16:42:50,47.28,41.15,41.04,41.11,41.32,33.89,38.69,38.96,39.12
2026-08-04 16:42:51,47.27,41.16,41.04,41.12,41.31,33.86,38.69,38.93,39.11
2026-08-04 16:42:52,47.27,41.15,41.04,41.14,41.30,33.90,38.74,38.97,39.11
2026-08-04 16:42:53,47.27,41.14,41.05,41.10,41.33,33.88,38.72,38.97,39.11
2026-08-04 16:42:55,47.28,41.13,41.05,41.12,41.32,33.97,38.73,39.00,39.10
2026-08-04 16:42:56,47.28,41.14,41.06,41.11,41.32,33.89,38.72,39.00,39.13
2026-08-04 16:42:57,47.30,41.14,41.05,41.16,41.32,33.92,38.68,39.00,39.12
2026-08-04 16:42:58,47.31,41.15,41.06,41.11,41.34,33.89,38.73,39.03,39.14
2026-08-04 16:43:00,47.31,41.16,41.08,41.11,41.33,33.90,38.75,39.03,39.11
2026-08-04 16:43:01,47.31,41.17,41.06,41.10,41.35,33.96,38.75,39.02,39.09
2026-08-04 16:43:02,47.32,41.18,41.07,41.08,41.36,33.93,38.75,39.06,39.14
2026-08-04 16:43:03,47.32,41.17,41.07,41.11,41.37,33.92,38.76,39.08,39.16
2026-08-04 16:43:05,47.33,41.20,41.05,41.10,41.34,33.93,38.77,39.01,39.17
2026-08-04 16:43:06,47.35,41.20,41.07,41.14,41.37,34.00,38.76,39.06,39.16
2026-08-04 16:43:07,47.36,41.22,41.11,41.11,41.36,34.04,38.78,39.05,39.16
2026-08-04 16:43:08,47.36,41.23,41.12,41.10,41.37,33.95,38.74,39.05,39.15
2026-08-04 16:43:10,47.37,41.23,41.09,41.15,41.40,33.99,38.79,39.06,39.15
2026-08-04 16:43:11,47.38,41.23,41.08,41.12,41.39,34.00,38.76,39.06,39.15
2026-08-04 16:43:17,47.40,41.24,41.11,41.19,41.38,34.01,38.78,39.08,39.13
2026-08-04 16:43:19,47.40,41.23,41.10,41.19,41.38,33.96,38.80,39.08,39.19
2026-08-04 16:43:20,47.40,41.23,41.13,41.19,41.38,33.95,38.83,39.10,39.18
2026-08-04 16:43:21,47.40,41.22,41.14,41.19,41.36,33.99,38.75,39.07,39.19
2026-08-04 16:43:22,47.40,41.21,41.15,41.20,41.36,33.96,38.79,39.08,39.14
2026-08-04 16:43:24,47.40,41.21,41.14,41.20,41.36,33.95,38.78,39.12,39.18
2026-08-04 16:43:25,47.40,41.21,41.13,41.22,41.35,33.94,38.83,39.11,39.19
2026-08-04 16:43:26,47.40,41.19,41.15,41.19,41.39,33.94,38.79,39.11,39.15
2026-08-04 16:43:27,47.40,41.20,41.16,41.21,41.39,33.93,38.80,39.10,39.15
2026-08-04 16:43:29,47.41,41.21,41.15,41.19,41.36,33.94,38.84,39.13,39.14
2026-08-04 16:43:30,47.41,41.21,41.18,41.18,41.40,33.92,38.83,39.14,39.15
2026-08-04 16:43:31,47.41,41.22,41.17,41.18,41.39,33.95,38.82,39.17,39.16
2026-08-04 16:43:32,47.42,41.23,41.15,41.19,41.38,33.95,38.80,39.17,39.16
2026-08-04 16:43:34,47.43,41.23,41.21,41.15,41.40,34.00,38.86,39.17,39.18
2026-08-04 16:43:35,47.45,41.24,41.21,41.18,41.40,34.03,38.83,39.21,39.17
2026-08-04 16:43:36,47.46,41.26,41.21,41.16,41.43,33.96,38.85,39.18,39.19
2026-08-04 16:43:37,47.45,41.26,41.21,41.17,41.41,34.03,38.82,39.25,39.18
2026-08-04 16:43:39,47.46,41.27,41.19,41.18,41.42,34.01,38.85,39.17,39.16
2026-08-04 16:43:40,47.48,41.27,41.21,41.18,41.41,34.01,38.84,39.21,39.16
2026-08-04 16:43:41,47.49,41.27,41.22,41.19,41.43,34.08,38.86,39.24,39.19
2026-08-04 16:43:42,47.49,41.27,41.20,41.17,41.43,34.02,38.88,39.22,39.18
2026-08-04 16:43:44,47.51,41.29,41.25,41.19,41.44,34.06,38.86,39.22,39.21
2026-08-04 16:43:45,47.51,41.30,41.22,41.21,41.43,34.09,38.89,39.26,39.19
2026-08-04 16:43:46,47.52,41.31,41.21,41.22,41.45,34.12,38.86,39.22,39.25
2026-08-04 16:43:47,47.52,41.31,41.23,41.22,41.40,34.08,38.88,39.23,39.25
2026-08-04 16:43:49,47.52,41.32,41.23,41.20,41.44,34.13,38.88,39.25,39.21
2026-08-04 16:43:50,47.52,41.29,41.24,41.23,41.47,34.08,38.84,39.25,39.22
2026-08-04 16:43:51,47.54,41.32,41.25,41.23,41.45,34.04,38.91,39.23,39.26
2026-08-04 16:43:53,47.54,41.31,41.24,41.25,41.47,34.15,38.89,39.20,39.25
2026-08-04 16:43:54,47.54,41.31,41.26,41.23,41.45,34.15,38.90,39.22,39.24
2026-08-04 16:43:55,47.54,41.33,41.24,41.22,41.46,34.17,38.86,39.25,39.29
2026-08-04 16:43:56,47.54,41.31,41.25,41.24,41.44,34.15,38.89,39.23,39.22
2026-08-04 16:43:58,47.55,41.31,41.28,41.25,41.44,34.16,38.93,39.27,39.29
2026-08-04 16:43:59,47.56,41.30,41.28,41.27,41.46,34.20,38.90,39.26,39.25
2026-08-04 16:44:00,47.56,41.33,41.27,41.24,41.47,34.16,38.90,39.23,39.29
2026-08-04 16:44:01,47.57,41.31,41.28,41.26,41.45,34.20,38.93,39.28,39.31
2026-08-04 16:44:03,47.57,41.34,41.28,41.24,41.46,34.13,38.89,39.25,39.27
2026-08-04 16:44:04,47.58,41.33,41.29,41.28,41.46,34.19,38.94,39.29,39.30
2026-08-04 16:44:05,47.58,41.33,41.30,41.24,41.48,34.16,38.95,39.23,39.31
2026-08-04 16:44:06,47.58,41.32,41.33,41.26,41.48,34.20,38.92,39.29,39.29
2026-08-04 16:44:08,47.59,41.34,41.29,41.24,41.48,34.23,38.95,39.26,39.29
2026-08-04 16:44:09,47.60,41.36,41.33,41.25,41.47,34.16,38.96,39.30,39.32
2026-08-04 16:44:10,47.60,41.37,41.33,41.24,41.47,34.14,38.92,39.30,39.35
2026-08-04 16:44:11,47.60,41.35,41.33,41.25,41.47,34.16,38.94,39.31,39.30
2026-08-04 16:44:13,47.59,41.36,41.34,41.23,41.45,34.20,38.96,39.33,39.31
2026-08-04 16:44:14,47.59,41.34,41.35,41.22,41.48,34.17,38.98,39.28,39.36
2026-08-04 16:44:15,47.60,41.33,41.35,41.22,41.46,34.15,38.90,39.31,39.32
2026-08-04 16:44:16,47.59,41.32,41.35,41.23,41.47,34.14,38.95,39.32,39.31
2026-08-04 16:44:18,47.60,41.33,41.36,41.25,41.48,34.14,38.98,39.32,39.36
2026-08-04 16:44:19,47.60,41.32,41.36,41.27,41.47,34.15,38.96,39.33,39.37
2026-08-04 16:44:20,47.61,41.31,41.36,41.27,41.47,34.13,38.99,39.33,39.36
2026-08-04 16:44:21,47.62,41.33,41.40,41.28,41.47,34.20,38.97,39.31,39.37
2026-08-04 16:44:23,47.61,41.32,41.38,41.29,41.48,34.15,38.98,39.36,39.40
2026-08-04 16:44:24,47.61,41.31,41.39,41.30,41.46,34.22,38.99,39.36,39.37
2026-08-04 16:44:25,47.61,41.30,41.40,41.32,41.46,34.17,38.99,39.37,39.40
2026-08-04 16:44:27,47.62,41.33,41.38,41.30,41.49,34.20,39.00,39.35,39.42
2026-08-04 16:44:28,47.62,41.34,41.39,41.30,41.50,34.17,39.02,39.35,39.40
2026-08-04 16:44:29,47.64,41.34,41.41,41.31,41.48,34.23,39.02,39.37,39.41
2026-08-04 16:44:30,47.66,41.36,41.45,41.30,41.50,34.26,39.05,39.38,39.42
2026-08-04 16:44:32,47.67,41.38,41.42,41.34,41.52,34.23,38.97,39.39,39.43
2026-08-04 16:44:33,47.69,41.37,41.43,41.30,41.51,34.24,39.03,39.35,39.43
2026-08-04 16:44:34,47.70,41.39,41.43,41.31,41.52,34.28,39.01,39.36,39.43
2026-08-04 16:44:35,47.70,41.39,41.43,41.28,41.51,34.29,39.04,39.38,39.45
2026-08-04 16:44:37,47.72,41.39,41.47,41.30,41.52,34.27,38.99,39.41,39.40
2026-08-04 16:44:38,47.72,41.40,41.45,41.29,41.51,34.33,39.03,39.39,39.43
2026-08-04 16:44:39,47.71,41.40,41.49,41.30,41.51,34.34,39.03,39.41,39.44
2026-08-04 16:44:40,47.72,41.41,41.47,41.30,41.54,34.28,38.99,39.38,39.41
2026-08-04 16:44:42,47.73,41.41,41.51,41.27,41.51,34.35,39.03,39.43,39.48
2026-08-04 16:44:43,47.73,41.39,41.50,41.29,41.52,34.29,39.04,39.38,39.43
2026-08-04 16:44:44,47.73,41.39,41.52,41.29,41.51,34.34,39.07,39.43,39.42
2026-08-04 16:44:45,47.73,41.40,41.50,41.30,41.52,34.36,39.05,39.43,39.45
2026-08-04 16:44:47,47.73,41.39,41.51,41.32,41.52,34.33,39.05,39.40,39.45
2026-08-04 16:44:48,47.74,41.38,41.54,41.32,41.51,34.33,39.07,39.41,39.48
2026-08-04 16:44:49,47.74,41.39,41.56,41.33,41.52,34.33,39.06,39.40,39.46
2026-08-04 16:44:50,47.75,41.39,41.55,41.32,41.55,34.43,39.07,39.41,39.49
2026-08-04 16:44:52,47.75,41.41,41.53,41.30,41.54,34.42,39.06,39.46,39.49
2026-08-04 16:44:53,47.76,41.41,41.55,41.33,41.54,34.42,39.06,39.42,39.49
2026-08-04 16:44:54,47.77,41.40,41.56,41.31,41.54,34.42,39.09,39.43,39.49
2026-08-04 16:44:55,47.77,41.42,41.55,41.29,41.54,34.44,39.08,39.46,39.53
2026-08-04 16:44:57,47.79,41.41,41.57,41.33,41.55,34.48,39.07,39.40,39.50
2026-08-04 16:44:58,47.79,41.43,41.57,41.33,41.54,34.43,39.10,39.45,39.53
2026-08-04 16:44:59,47.81,41.44,41.58,41.36,41.55,34.47,39.08,39.46,39.50
2026-08-04 16:45:01,47.82,41.45,41.58,41.40,41.52,34.51,39.12,39.46,39.51
2026-08-04 16:45:02,47.83,41.45,41.58,41.38,41.55,34.49,39.10,39.46,39.56
2026-08-04 16:45:03,47.83,41.45,41.60,41.37,41.55,34.52,39.10,39.47,39.51
2026-08-04 16:45:04,47.84,41.46,41.60,41.39,41.57,34.50,39.08,39.44,39.52
2026-08-04 16:45:05,47.83,41.46,41.59,41.40,41.55,34.52,39.12,39.49,39.57
2026-08-04 16:45:07,47.83,41.45,41.62,41.40,41.55,34.51,39.11,39.47,39.58
2026-08-04 16:45:08,47.83,41.44,41.62,41.42,41.55,34.50,39.07,39.50,39.54
2026-08-04 16:45:09,47.83,41.44,41.64,41.43,41.55,34.45,39.10,39.49,39.55
2026-08-04 16:45:10,47.83,41.41,41.63,41.40,41.54,34.42,39.08,39.50,39.57
2026-08-04 16:45:12,47.85,41.41,41.65,41.45,41.53,34.42,39.11,39.48,39.58
2026-08-04 16:45:13,47.83,41.42,41.65,41.40,41.55,34.41,39.11,39.51,39.56
2026-08-04 16:45:14,47.85,41.42,41.65,41.43,41.57,34.43,39.10,39.46,39.54
2026-08-04 16:45:16,47.85,41.43,41.68,41.42,41.55,34.45,39.12,39.50,39.56
2026-08-04 16:45:17,47.87,41.43,41.70,41.40,41.57,34.43,39.12,39.49,39.61
2026-08-04 16:45:18,47.87,41.43,41.69,41.38,41.57,34.43,39.12,39.52,39.54
2026-08-04 16:45:19,47.88,41.45,41.70,41.41,41.56,34.41,39.12,39.50,39.56
2026-08-04 16:45:21,47.90,41.46,41.71,41.36,41.58,34.41,39.11,39.51,39.60
2026-08-04 16:45:22,47.91,41.48,41.73,41.41,41.59,34.37,39.07,39.49,39.57
2026-08-04 16:45:23,47.92,41.49,41.70,41.40,41.58,34.40,39.12,39.51,39.59
2026-08-04 16:45:24,47.93,41.50,41.73,41.40,41.62,34.52,39.12,39.54,39.58
2026-08-04 16:45:26,47.94,41.50,41.73,41.40,41.60,34.42,39.10,39.54,39.60
2026-08-04 16:45:27,47.94,41.52,41.71,41.41,41.61,34.47,39.16,39.53,39.58
2026-08-04 16:45:28,47.95,41.52,41.75,41.44,41.59,34.41,39.10,39.51,39.58
2026-08-04 16:45:29,47.96,41.52,41.76,41.45,41.63,34.49,39.11,39.56,39.58
2026-08-04 16:45:31,47.98,41.53,41.74,41.44,41.60,34.44,39.08,39.52,39.62
2026-08-04 16:45:32,47.98,41.54,41.78,41.46,41.64,34.47,39.16,39.59,39.57
2026-08-04 16:45:33,47.98,41.52,41.78,41.48,41.63,34.45,39.17,39.56,39.58
2026-08-04 16:45:34,47.98,41.51,41.81,41.48,41.61,34.50,39.13,39.54,39.65
2026-08-04 16:45:36,47.98,41.50,41.77,41.47,41.66,34.47,39.14,39.52,39.64
2026-08-04 16:45:37,47.97,41.49,41.77,41.54,41.59,34.47,39.14,39.56,39.61
2026-08-04 16:45:38,47.97,41.50,41.79,41.52,41.59,34.43,39.14,39.57,39.63
2026-08-04 16:45:39,47.98,41.49,41.82,41.51,41.61,34.45,39.18,39.59,39.60
2026-08-04 16:45:41,47.99,41.49,41.85,41.52,41.61,34.47,39.18,39.57,39.60
2026-08-04 16:45:42,47.98,41.50,41.85,41.49,41.61,34.50,39.12,39.60,39.67
2026-08-04 16:45:43,48.00,41.51,41.86,41.52,41.62,34.50,39.19,39.60,39.60
2026-08-04 16:45:44,48.01,41.52,41.87,41.50,41.62,34.45,39.14,39.59,39.66
2026-08-04 16:45:46,48.01,41.52,41.87,41.51,41.64,34.49,39.18,39.61,39.62
2026-08-04 16:45:47,48.02,41.52,41.87,41.50,41.63,34.51,39.13,39.58,39.66
2026-08-04 16:45:48,48.02,41.54,41.85,41.50,41.64,34.47,39.16,39.64,39.64
2026-08-04 16:45:49,48.04,41.56,41.87,41.48,41.61,34.48,39.16,39.62,39.62
2026-08-04 16:45:51,48.05,41.54,41.87,41.47,41.64,34.54,39.16,39.65,39.66
2026-08-04 16:45:52,48.06,41.57,41.87,41.48,41.64,34.50,39.18,39.62,39.64
2026-08-04 16:45:53,48.06,41.57,41.92,41.48,41.62,34.50,39.18,39.63,39.59
2026-08-04 16:45:54,48.07,41.57,41.90,41.49,41.67,34.44,39.19,39.67,39.62
2026-08-04 16:45:56,48.08,41.58,41.89,41.52,41.67,34.41,39.23,39.66,39.65
2026-08-04 16:45:57,48.09,41.60,41.91,41.51,41.67,34.41,39.21,39.66,39.64
2026-08-04 16:45:58,48.09,41.60,41.90,41.52,41.67,34.35,39.20,39.66,39.61
2026-08-04 16:45:59,48.10,41.60,41.92,41.56,41.69,34.26,39.22,39.69,39.67
2026-08-04 16:46:01,48.11,41.60,41.91,41.56,41.66,34.33,39.22,39.67,39.65
2026-08-04 16:46:02,48.11,41.61,41.95,41.56,41.65,34.30,39.25,39.69,39.63
2026-08-04 16:46:03,48.12,41.63,41.96,41.57,41.69,34.37,39.22,39.70,39.66
2026-08-04 16:46:04,48.13,41.61,41.95,41.56,41.69,34.29,39.24,39.68,39.64
2026-08-04 16:46:06,48.12,41.59,41.98,41.58,41.70,34.35,39.26,39.72,39.70
2026-08-04 16:46:07,48.12,41.60,41.98,41.58,41.66,34.36,39.23,39.70,39.68
2026-08-04 16:46:08,48.12,41.60,41.99,41.62,41.65,34.37,39.20,39.73,39.71
2026-08-04 16:46:09,48.11,41.60,41.99,41.59,41.69,34.34,39.25,39.74,39.70
2026-08-04 16:46:11,48.13,41.58,42.01,41.61,41.67,34.33,39.28,39.73,39.63
2026-08-04 16:46:12,48.13,41.57,42.01,41.61,41.68,34.31,39.28,39.76,39.65
2026-08-04 16:46:13,48.13,41.60,42.05,41.60,41.67,34.35,39.28,39.73,39.63
2026-08-04 16:46:14,48.14,41.60,42.04,41.63,41.68,34.42,39.28,39.76,39.63
2026-08-04 16:46:16,48.15,41.62,42.02,41.63,41.67,34.41,39.28,39.74,39.68
2026-08-04 16:46:17,48.17,41.62,42.07,41.64,41.70,34.40,39.28,39.77,39.68
2026-08-04 16:46:18,48.18,41.63,42.06,41.60,41.70,34.40,39.30,39.77,39.73
2026-08-04 16:46:19,48.19,41.64,42.09,41.61,41.70,34.33,39.25,39.76,39.71
2026-08-04 16:46:21,48.21,41.66,42.08,41.60,41.71,34.40,39.28,39.80,39.72
2026-08-04 16:46:22,48.22,41.68,42.12,41.61,41.70,34.38,39.27,39.80,39.71
2026-08-04 16:46:23,48.23,41.68,42.09,41.62,41.71,34.43,39.30,39.79,39.73
2026-08-04 16:46:24,48.25,41.69,42.14,41.63,41.70,34.44,39.29,39.81,39.76
2026-08-04 16:46:26,48.26,41.70,42.13,41.66,41.76,34.38,39.28,39.78,39.74
2026-08-04 16:46:27,48.28,41.71,42.15,41.66,41.75,34.45,39.31,39.84,39.73
2026-08-04 16:46:28,48.28,41.70,42.15,41.67,41.73,34.47,39.31,39.79,39.74
2026-08-04 16:46:30,48.29,41.73,42.13,41.67,41.76,34.38,39.35,39.84,39.73
2026-08-04 16:46:31,48.30,41.73,42.18,41.69,41.73,34.35,39.34,39.84,39.74
2026-08-04 16:46:32,48.31,41.72,42.18,41.71,41.73,34.37,39.33,39.86,39.75
2026-08-04 16:46:33,48.30,41.72,42.20,41.77,41.74,34.42,39.30,39.85,39.73
2026-08-04 16:46:35,48.31,41.74,42.20,41.74,41.76,34.44,39.35,39.83,39.75
2026-08-04 16:46:36,48.31,41.72,42.21,41.75,41.73,34.40,39.34,39.86,39.77
2026-08-04 16:46:37,48.31,41.71,42.22,41.80,41.73,34.43,39.33,39.90,39.79
2026-08-04 16:46:39,48.31,41.71,42.26,41.76,41.74,34.41,39.34,39.86,39.76
2026-08-04 16:46:40,48.32,41.70,42.27,41.81,41.75,34.43,39.37,39.88,39.82
2026-08-04 16:46:41,48.33,41.72,42.28,41.80,41.77,34.37,39.32,39.85,39.73
2026-08-04 16:46:42,48.35,41.73,42.27,41.78,41.76,34.43,39.36,39.87,39.80
2026-08-04 16:46:44,48.35,41.75,42.30,41.77,41.76,34.37,39.33,39.87,39.74
2026-08-04 16:46:45,48.38,41.76,42.33,41.77,41.77,34.43,39.36,39.90,39.77
2026-08-04 16:46:46,48.39,41.78,42.32,41.81,41.75,34.38,39.36,39.88,39.75
2026-08-04 16:46:47,48.40,41.78,42.36,41.79,41.79,34.37,39.38,39.91,39.80
2026-08-04 16:46:49,48.42,41.80,42.40,41.81,41.78,34.38,39.37,39.91,39.78
2026-08-04 16:46:50,48.43,41.82,42.40,41.80,41.79,34.38,39.38,39.93,39.83
2026-08-04 16:46:51,48.44,41.83,42.35,41.84,41.79,34.42,39.43,39.94,39.80
2026-08-04 16:46:52,48.46,41.85,42.40,41.82,41.81,34.40,39.40,39.93,39.83
2026-08-04 16:46:54,48.47,41.85,42.40,41.86,41.81,34.44,39.40,39.97,39.78
2026-08-04 16:46:55,48.49,41.87,42.44,41.88,41.84,34.44,39.40,39.95,39.81
2026-08-04 16:46:56,48.50,41.89,42.45,41.90,41.83,34.50,39.39,39.95,39.79
2026-08-04 16:46:57,48.52,41.90,42.47,41.89,41.78,34.52,39.46,39.96,39.80
2026-08-04 16:46:59,48.53,41.90,42.49,41.92,41.84,34.51,39.40,39.97,39.80
2026-08-04 16:47:00,48.54,41.90,42.49,41.95,41.83,34.56,39.43,39.97,39.83
2026-08-04 16:47:01,48.55,41.90,42.51,41.94,41.84,34.57,39.43,39.98,39.82
2026-08-04 16:47:02,48.55,41.89,42.53,41.98,41.83,34.54,39.42,39.98,39.83
2026-08-04 16:47:04,48.55,41.89,42.56,42.01,41.85,34.52,39.46,40.01,39.82
2026-08-04 16:47:05,48.55,41.90,42.55,41.99,41.84,34.54,39.44,40.02,39.86
2026-08-04 16:47:06,48.55,41.91,42.60,42.02,41.84,34.52,39.44,40.04,39.86
2026-08-04 16:47:08,48.56,41.91,42.60,42.04,41.83,34.55,39.42,40.03,39.82
2026-08-04 16:47:09,48.56,41.91,42.62,42.02,41.81,34.52,39.49,40.05,39.86
2026-08-04 16:47:10,48.59,41.94,42.65,42.06,41.83,34.48,39.44,40.08,39.84
2026-08-04 16:47:11,48.61,41.95,42.63,42.04,41.84,34.52,39.43,40.03,39.82
2026-08-04 16:47:13,48.61,41.97,42.66,42.06,41.87,34.50,39.45,40.11,39.86
2026-08-04 16:47:14,48.63,41.98,42.68,42.08,41.88,34.43,39.46,40.07,39.88
2026-08-04 16:47:15,48.64,41.99,42.70,42.07,41.88,34.47,39.47,40.06,39.87
2026-08-04 16:47:16,48.66,42.00,42.70,42.08,41.91,34.43,39.47,40.08,39.88
2026-08-04 16:47:18,48.67,42.01,42.72,42.08,41.91,34.42,39.49,40.08,39.88
2026-08-04 16:47:19,48.69,42.03,42.70,42.11,41.91,34.40,39.47,40.10,39.85
2026-08-04 16:47:20,48.70,42.05,42.70,42.13,41.92,34.38,39.51,40.10,39.87
2026-08-04 16:47:21,48.72,42.07,42.74,42.13,41.94,34.36,39.51,40.11,39.89
2026-08-04 16:47:23,48.73,42.08,42.73,42.18,41.93,34.30,39.50,40.10,39.90
2026-08-04 16:47:24,48.75,42.09,42.78,42.19,41.96,34.26,39.51,40.15,39.92
2026-08-04 16:47:25,48.75,42.11,42.75,42.22,41.96,34.23,39.54,40.13,39.89
2026-08-04 16:47:26,48.77,42.14,42.78,42.24,41.97,34.22,39.51,40.19,39.88
2026-08-04 16:47:28,48.78,42.13,42.81,42.24,41.96,34.22,39.51,40.17,39.85
2026-08-04 16:47:29,48.80,42.13,42.80,42.25,41.97,34.30,39.50,40.15,39.88
2026-08-04 16:47:30,48.80,42.14,42.86,42.27,41.97,34.30,39.51,40.19,39.88
2026-08-04 16:47:31,48.79,42.14,42.86,42.34,42.01,34.30,39.55,40.18,39.86
2026-08-04 16:47:33,48.81,42.15,42.88,42.36,41.97,34.38,39.56,40.19,39.90
2026-08-04 16:47:34,48.82,42.15,42.87,42.38,41.99,34.37,39.52,40.22,39.91
2026-08-04 16:47:35,48.83,42.16,42.87,42.37,41.98,34.34,39.54,40.23,39.96
2026-08-04 16:47:36,48.83,42.17,42.92,42.42,42.01,34.36,39.55,40.22,39.94
2026-08-04 16:47:38,48.86,42.19,42.94,42.44,41.99,34.38,39.58,40.25,39.95
2026-08-04 16:47:39,48.86,42.23,42.99,42.46,41.99,34.47,39.58,40.26,39.95
2026-08-04 16:47:40,48.89,42.23,43.01,42.47,42.05,34.44,39.54,40.25,39.96
2026-08-04 16:47:41,48.89,42.25,43.00,42.48,42.04,34.42,39.54,40.27,39.95
2026-08-04 16:47:43,48.92,42.27,43.03,42.52,42.06,34.40,39.55,40.24,39.92
2026-08-04 16:47:44,48.94,42.29,43.09,42.52,42.07,34.40,39.58,40.27,39.95
2026-08-04 16:47:45,48.96,42.32,43.06,42.55,42.07,34.45,39.55,40.27,39.95
2026-08-04 16:47:53,49.04,42.44,43.19,42.70,42.11,34.34,39.60,40.31,39.94
2026-08-04 16:47:54,49.06,42.45,43.20,42.73,42.12,34.33,39.60,40.37,40.02
2026-08-04 16:47:56,49.07,42.47,43.22,42.78,42.13,34.35,39.59,40.37,39.98
2026-08-04 16:47:57,49.08,42.46,43.24,42.79,42.19,34.34,39.61,40.36,39.96
2026-08-04 16:47:58,49.09,42.49,43.28,42.85,42.14,34.28,39.60,40.35,40.02
2026-08-04 16:47:59,49.09,42.51,43.30,42.85,42.18,34.29,39.60,40.38,40.01
2026-08-04 16:48:01,49.10,42.52,43.34,42.91,42.17,34.30,39.60,40.39,39.99
2026-08-04 16:48:02,49.11,42.52,43.33,42.92,42.23,34.33,39.60,40.38,40.02
2026-08-04 16:48:03,49.12,42.54,43.37,42.97,42.20,34.34,39.62,40.43,40.05
2026-08-04 16:48:04,49.14,42.55,43.40,42.96,42.22,34.40,39.62,40.42,40.02
2026-08-04 16:48:06,49.15,42.56,43.43,42.92,42.24,34.41,39.63,40.42,40.04
2026-08-04 16:48:07,49.16,42.59,43.47,42.96,42.25,34.40,39.62,40.45,40.02
2026-08-04 16:48:08,49.18,42.62,43.50,43.02,42.28,34.44,39.65,40.51,40.04
2026-08-04 16:48:09,49.19,42.64,43.52,43.06,42.27,34.43,39.65,40.47,40.02
2026-08-04 16:48:11,49.19,42.66,43.54,43.09,42.29,34.43,39.66,40.48,40.05
2026-08-04 16:48:12,49.19,42.67,43.57,43.10,42.31,34.49,39.67,40.49,40.06
2026-08-04 16:48:13,49.20,42.72,43.58,43.15,42.32,34.47,39.67,40.49,40.06
2026-08-04 16:48:15,49.21,42.74,43.60,43.20,42.31,34.58,39.65,40.52,40.04
2026-08-04 16:48:16,49.19,42.72,43.63,43.28,42.34,34.54,39.64,40.51,40.03
2026-08-04 16:48:17,49.19,42.75,43.64,43.36,42.35,34.54,39.66,40.52,40.03
2026-08-04 16:48:18,49.20,42.76,43.66,43.43,42.37,34.50,39.65,40.50,40.05
2026-08-04 16:48:20,49.19,42.79,43.64,43.48,42.38,34.56,39.64,40.51,40.08
2026-08-04 16:48:21,49.20,42.83,43.70,43.50,42.40,34.56,39.63,40.52,40.02
2026-08-04 16:48:22,49.20,42.85,43.71,43.53,42.36,34.52,39.67,40.54,40.04
2026-08-04 16:48:23,49.20,42.88,43.71,43.62,42.38,34.57,39.62,40.55,40.01
2026-08-04 16:48:25,49.21,42.90,43.75,43.64,42.38,34.55,39.67,40.53,40.06
2026-08-04 16:48:26,49.21,42.91,43.77,43.66,42.40,34.62,39.71,40.58,40.05
2026-08-04 16:48:27,49.23,42.91,43.77,43.69,42.40,34.62,39.66,40.58,40.08
2026-08-04 16:48:28,49.24,42.91,43.81,43.77,42.42,34.66,39.71,40.59,40.09
2026-08-04 16:48:30,49.26,42.95,43.84,43.81,42.45,34.65,39.72,40.66,40.08
2026-08-04 16:48:31,49.28,42.99,43.86,43.84,42.46,34.69,39.67,40.61,40.08
2026-08-04 16:48:32,49.30,43.02,43.89,43.90,42.48,34.71,39.72,40.65,40.09
2026-08-04 16:48:33,49.32,43.06,43.93,43.91,42.51,34.74,39.71,40.68,40.10
2026-08-04 16:48:35,49.34,43.13,43.95,43.96,42.53,34.75,39.70,40.68,40.13
2026-08-04 16:48:36,49.38,43.16,43.97,44.00,42.54,34.82,39.69,40.64,40.08
2026-08-04 16:48:37,49.41,43.21,44.03,44.03,42.57,34.79,39.69,40.70,40.10
2026-08-04 16:48:38,49.44,43.30,44.05,44.09,42.64,34.83,39.68,40.77,40.16
2026-08-04 16:48:40,49.49,43.39,44.07,44.12,42.60,34.86,39.71,40.83,40.12
2026-08-04 16:48:41,49.52,43.47,44.09,44.12,42.66,34.87,39.70,40.77,40.12
2026-08-04 16:48:42,49.56,43.54,44.13,44.19,42.68,34.94,39.74,40.81,40.14
2026-08-04 16:48:43,49.59,43.58,44.18,44.20,42.73,34.88,39.71,40.76,40.11
2026-08-04 16:48:45,49.62,43.64,44.23,44.25,42.74,34.90,39.69,40.83,40.19
2026-08-04 16:48:46,49.65,43.68,44.27,44.33,42.75,34.87,39.71,40.84,40.18
2026-08-04 16:48:47,49.69,43.72,44.30,44.34,42.79,34.82,39.72,40.87,40.18
2026-08-04 16:48:48,49.71,43.75,44.35,44.39,42.84,34.82,39.76,40.84,40.18
2026-08-04 16:48:50,49.74,43.77,44.38,44.45,42.85,34.83,39.71,40.89,40.12
2026-08-04 16:48:51,49.76,43.79,44.43,44.46,42.90,34.83,39.71,40.89,40.18
2026-08-04 16:48:52,49.78,43.82,44.49,44.54,42.92,34.81,39.73,40.90,40.14
2026-08-04 16:48:53,49.81,43.82,44.52,44.56,42.96,34.90,39.72,40.93,40.20
2026-08-04 16:48:55,49.82,43.84,44.56,44.60,43.01,34.88,39.70,40.96,40.25
2026-08-04 16:48:56,49.84,43.88,44.62,44.65,43.06,35.00,39.73,40.98,40.21
2026-08-04 16:48:57,49.88,43.92,44.65,44.70,43.11,34.96,39.72,40.95,40.21
2026-08-04 16:48:58,49.91,43.96,44.71,44.72,43.17,35.00,39.73,41.02,40.23
2026-08-04 16:49:00,49.95,44.00,44.75,44.79,43.20,35.04,39.75,41.05,40.24
2026-08-04 16:49:01,50.00,44.05,44.81,44.85,43.29,35.07,39.73,41.05,40.27
2026-08-04 16:49:02,50.04,44.10,44.85,44.86,43.35,35.12,39.72,41.08,40.28
2026-08-04 16:49:03,50.07,44.15,44.91,44.93,43.36,35.14,39.75,41.15,40.27
2026-08-04 16:49:05,50.13,44.21,44.94,44.99,43.42,35.18,39.77,41.11,40.31
2026-08-04 16:49:06,50.18,44.26,44.99,45.02,43.48,35.22,39.74,41.17,40.34
2026-08-04 16:49:07,50.23,44.31,45.04,45.11,43.57,35.20,39.76,41.16,40.33
2026-08-04 16:49:08,50.31,44.36,45.10,45.12,43.63,35.17,39.76,41.18,40.35
2026-08-04 16:49:10,50.37,44.41,45.12,45.19,43.71,35.21,39.77,41.24,40.34
2026-08-04 16:49:11,50.42,44.46,45.18,45.27,43.81,35.21,39.74,41.26,40.34
2026-08-04 16:49:12,50.50,44.52,45.25,45.32,43.97,35.26,39.80,41.28,40.39
2026-08-04 16:49:13,50.56,44.58,45.32,45.36,44.07,35.29,39.79,41.33,40.42
2026-08-04 16:49:15,50.61,44.63,45.35,45.43,44.21,35.31,39.77,41.32,40.44
2026-08-04 16:49:16,50.68,44.69,45.41,45.50,44.31,35.32,39.81,41.43,40.43
2026-08-04 16:49:17,50.73,44.75,45.48,45.57,44.39,35.34,39.78,41.40,40.45
2026-08-04 16:49:19,50.80,44.79,45.53,45.65,44.50,35.39,39.83,41.49,40.49
2026-08-04 16:49:20,50.83,44.87,45.60,45.74,44.55,35.39,39.80,41.47,40.46
2026-08-04 16:49:21,50.90,44.93,45.64,45.77,44.65,35.43,39.80,41.50,40.54
2026-08-04 16:49:22,50.97,45.00,45.70,45.82,44.73,35.44,39.86,41.57,40.59
2026-08-04 16:49:24,51.04,45.06,45.78,45.88,44.81,35.46,39.86,41.60,40.56
2026-08-04 16:49:25,51.14,45.15,45.82,45.94,44.90,35.49,39.82,41.61,40.61
2026-08-04 16:49:26,51.20,45.24,45.89,45.99,44.98,35.55,39.85,41.67,40.62
2026-08-04 16:49:27,51.28,45.33,45.94,46.07,45.06,35.52,39.86,41.66,40.58
2026-08-04 16:49:29,51.37,45.41,46.04,46.16,45.20,35.54,39.87,41.76,40.68
2026-08-04 16:49:30,51.47,45.51,46.11,46.20,45.28,35.54,39.90,41.74,40.64
2026-08-04 16:49:31,51.59,45.61,46.14,46.25,45.35,35.61,39.88,41.83,40.69
2026-08-04 16:49:32,51.71,45.70,46.23,46.34,45.45,35.58,39.85,41.87,40.75
2026-08-04 16:49:34,51.83,45.80,46.30,46.38,45.57,35.62,39.89,41.86,40.74
2026-08-04 16:49:35,51.94,45.88,46.35,46.44,45.66,35.64,39.89,41.94,40.73
2026-08-04 16:49:36,52.05,45.99,46.42,46.50,45.77,35.70,39.90,42.00,40.78
2026-08-04 16:49:37,52.18,46.07,46.52,46.59,45.86,35.73,39.93,42.04,40.81
2026-08-04 16:49:39,52.30,46.20,46.60,46.65,45.98,35.74,39.93,42.09,40.87
2026-08-04 16:49:40,52.40,46.29,46.65,46.75,46.07,35.73,39.92,42.11,40.87
2026-08-04 16:49:41,52.53,46.39,46.76,46.82,46.19,35.81,39.95,42.20,40.92
2026-08-04 16:49:42,52.63,46.49,46.83,46.89,46.28,35.85,39.95,42.25,40.96
2026-08-04 16:49:44,52.74,46.60,46.89,46.96,46.40,35.80,39.97,42.31,41.00
2026-08-04 16:49:45,52.84,46.70,46.95,47.03,46.52,35.84,39.99,42.37,41.00
2026-08-04 16:49:46,52.97,46.79,47.04,47.12,46.60,35.84,40.01,42.37,41.04
2026-08-04 16:49:47,53.07,46.90,47.11,47.18,46.76,35.92,40.00,42.42,41.05
2026-08-04 16:49:49,53.17,46.99,47.17,47.30,46.83,35.92,40.03,42.56,41.12
2026-08-04 16:49:50,53.28,47.09,47.28,47.34,46.89,35.94,40.05,42.59,41.19
2026-08-04 16:49:51,53.39,47.19,47.38,47.44,47.04,35.96,40.06,42.65,41.21
2026-08-04 16:49:52,53.48,47.30,47.47,47.51,47.16,36.01,40.07,42.70,41.24
2026-08-04 16:49:54,53.59,47.39,47.52,47.62,47.29,36.03,40.09,42.74,41.29
2026-08-04 16:49:55,53.69,47.50,47.63,47.69,47.37,36.04,40.07,42.80,41.31
2026-08-04 16:49:56,53.78,47.59,47.73,47.77,47.48,36.04,40.09,42.91,41.34
2026-08-04 16:49:57,53.88,47.69,47.80,47.86,47.57,36.08,40.15,42.94,41.40
2026-08-04 16:49:59,53.96,47.79,47.88,47.94,47.68,36.06,40.14,43.04,41.45
2026-08-04 16:50:00,54.08,47.88,47.97,48.04,47.77,36.12,40.16,43.07,41.51
2026-08-04 16:50:01,54.18,47.98,48.06,48.13,47.88,36.15,40.18,43.15,41.55
2026-08-04 16:50:02,54.26,48.08,48.14,48.20,47.98,36.19,40.21,43.23,41.61
2026-08-04 16:50:04,54.35,48.17,48.24,48.27,48.09,36.19,40.22,43.26,41.70
2026-08-04 16:50:05,54.47,48.26,48.32,48.39,48.17,36.24,40.28,43.35,41.72
2026-08-04 16:50:06,54.55,48.37,48.43,48.48,48.29,36.22,40.29,43.40,41.79
2026-08-04 16:50:07,54.66,48.45,48.49,48.55,48.39,36.26,40.31,43.45,41.90
2026-08-04 16:50:09,54.75,48.55,48.56,48.65,48.45,36.30,40.33,43.52,41.90
2026-08-04 16:50:10,54.84,48.64,48.66,48.77,48.57,36.37,40.35,43.58,41.95
2026-08-04 16:50:11,54.92,48.74,48.76,48.85,48.66,36.37,40.38,43.63,42.05
2026-08-04 16:50:12,55.02,48.83,48.84,48.93,48.76,36.40,40.45,43.68,42.15
2026-08-04 16:50:14,55.13,48.92,48.94,49.04,48.85,36.41,40.45,43.73,42.19
2026-08-04 16:50:15,55.21,49.02,49.05,49.11,48.96,36.50,40.47,43.77,42.25
2026-08-04 16:50:16,55.31,49.12,49.10,49.22,49.05,36.53,40.52,43.83,42.33
2026-08-04 16:50:17,55.41,49.21,49.20,49.31,49.13,36.46,40.52,43.95,42.40
2026-08-04 16:50:19,55.52,49.32,49.28,49.39,49.26,36.57,40.58,44.03,42.51
2026-08-04 16:50:20,55.62,49.43,49.35,49.47,49.34,36.56,40.60,44.10,42.54
2026-08-04 16:50:21,55.71,49.53,49.46,49.57,49.46,36.56,40.61,44.17,42.63
2026-08-04 16:50:22,55.81,49.62,49.56,49.63,49.55,36.59,40.69,44.26,42.69
2026-08-04 16:50:24,55.91,49.72,49.65,49.73,49.68,36.68,40.72,44.36,42.78
2026-08-04 16:50:25,56.00,49.83,49.74,49.83,49.76,36.66,40.77,44.41,42.83
2026-08-04 16:50:26,56.09,49.92,49.83,49.89,49.85,36.70,40.84,44.50,42.91
2026-08-04 16:50:27,56.20,50.02,49.92,50.00,49.93,36.70,40.89,44.60,42.97
2026-08-04 16:50:29,56.29,50.10,50.02,50.10,50.06,36.73,40.91,44.69,43.07
2026-08-04 16:50:30,56.38,50.20,50.10,50.19,50.14,36.77,40.97,44.72,43.11
2026-08-04 16:50:31,56.47,50.29,50.20,50.27,50.20,36.81,41.08,44.90,43.21
2026-08-04 16:50:33,56.57,50.37,50.29,50.36,50.32,36.84,41.12,44.96,43.28
2026-08-04 16:50:34,56.65,50.49,50.39,50.45,50.40,36.87,41.17,45.07,43.36
2026-08-04 16:50:35,56.75,50.57,50.48,50.53,50.49,36.90,41.33,45.18,43.39
2026-08-04 16:50:36,56.83,50.65,50.54,50.63,50.59,36.92,41.49,45.32,43.48
2026-08-04 16:50:38,56.94,50.74,50.67,50.71,50.70,36.99,41.72,45.48,43.56
2026-08-04 16:50:39,57.02,50.84,50.75,50.82,50.78,37.04,41.83,45.57,43.64
2026-08-04 16:50:40,57.10,50.94,50.86,50.91,50.86,37.03,42.00,45.70,43.72
2026-08-04 16:50:41,57.21,51.03,50.92,50.98,50.97,37.07,42.16,45.79,43.78
2026-08-04 16:50:43,57.30,51.12,51.03,51.10,51.06,37.11,42.27,45.86,43.83
2026-08-04 16:50:44,57.39,51.24,51.14,51.19,51.16,37.13,42.43,45.98,43.90
2026-08-04 16:50:45,57.49,51.34,51.23,51.26,51.26,37.15,42.61,46.09,43.99
2026-08-04 16:50:46,57.58,51.43,51.32,51.36,51.34,37.19,42.78,46.20,44.10
2026-08-04 16:50:48,57.68,51.51,51.41,51.45,51.48,37.25,42.85,46.27,44.13
2026-08-04 16:50:49,57.77,51.62,51.52,51.57,51.55,37.27,42.97,46.37,44.21
2026-08-04 16:50:50,57.86,51.71,51.57,51.67,51.63,37.22,43.11,46.45,44.29
2026-08-04 16:50:51,57.96,51.81,51.67,51.77,51.75,37.27,43.17,46.54,44.37
2026-08-04 16:50:53,58.05,51.90,51.76,51.86,51.82,37.23,43.29,46.62,44.45
2026-08-04 16:50:54,58.14,52.00,51.83,51.95,51.91,37.28,43.38,46.70,44.56
2026-08-04 16:50:55,58.22,52.07,51.91,52.05,52.02,37.29,43.44,46.80,44.63
2026-08-04 16:50:56,58.32,52.16,52.03,52.13,52.12,37.37,43.55,46.86,44.70
2026-08-04 16:50:58,58.41,52.26,52.11,52.23,52.19,37.37,43.58,46.95,44.76
2026-08-04 16:50:59,58.49,52.34,52.20,52.33,52.29,37.37,43.70,47.08,44.91
2026-08-04 16:51:00,58.58,52.41,52.29,52.41,52.36,37.43,43.81,47.20,45.02
2026-08-04 16:51:01,58.67,52.51,52.39,52.54,52.48,37.46,43.88,47.25,45.10
2026-08-04 16:51:03,58.75,52.61,52.48,52.59,52.54,37.47,43.96,47.34,45.18
2026-08-04 16:51:04,58.83,52.69,52.58,52.69,52.63,37.50,44.03,47.44,45.24
2026-08-04 16:51:05,58.93,52.78,52.68,52.77,52.72,37.56,44.13,47.52,45.34
2026-08-04 16:51:06,59.02,52.88,52.76,52.88,52.83,37.59,44.20,47.63,45.47
2026-08-04 16:51:08,59.11,52.96,52.86,52.95,52.92,37.63,44.30,47.72,45.51
2026-08-04 16:51:09,59.20,53.06,52.92,53.02,53.00,37.63,44.34,47.83,45.63
2026-08-04 16:51:10,59.30,53.14,53.05,53.09,53.10,37.64,44.45,47.90,45.69
2026-08-04 16:51:11,59.39,53.25,53.12,53.22,53.20,37.66,44.53,48.00,45.74
2026-08-04 16:51:13,59.48,53.34,53.21,53.29,53.28,37.70,44.60,48.08,45.85
2026-08-04 16:51:14,59.59,53.44,53.30,53.37,53.39,37.76,44.69,48.21,45.97
2026-08-04 16:51:15,59.68,53.52,53.39,53.48,53.46,37.74,44.78,48.31,46.03
2026-08-04 16:51:16,59.77,53.63,53.46,53.55,53.58,37.72,44.80,48.37,46.14
2026-08-04 16:51:18,59.86,53.73,53.57,53.66,53.66,37.78,44.95,48.46,46.22
2026-08-04 16:51:19,59.96,53.81,53.63,53.73,53.75,37.84,44.98,48.55,46.28
2026-08-04 16:51:20,60.04,53.91,53.76,53.84,53.85,37.81,45.10,48.66,46.43
2026-08-04 16:51:21,60.13,54.00,53.80,53.93,53.93,37.85,45.20,48.73,46.53
2026-08-04 16:51:23,60.22,54.09,53.91,54.01,54.03,37.87,45.26,48.79,46.61
2026-08-04 16:51:24,60.31,54.18,54.02,54.12,54.13,37.85,45.35,48.86,46.71
2026-08-04 16:51:25,60.41,54.28,54.10,54.19,54.23,37.90,45.41,48.96,46.80
2026-08-04 16:51:26,60.49,54.36,54.19,54.30,54.31,37.94,45.51,49.10,46.88
2026-08-04 16:51:28,60.58,54.45,54.25,54.39,54.39,37.97,45.62,49.17,46.95
2026-08-04 16:51:29,60.67,54.52,54.36,54.48,54.47,37.98,45.67,49.28,47.07
2026-08-04 16:51:30,60.75,54.61,54.45,54.57,54.56,38.07,45.76,49.36,47.12
2026-08-04 16:51:31,60.82,54.69,54.53,54.68,54.64,38.05,45.83,49.46,47.24
2026-08-04 16:51:33,60.93,54.78,54.61,54.76,54.72,38.09,45.93,49.56,47.31
2026-08-04 16:51:34,61.01,54.87,54.74,54.85,54.83,38.15,46.01,49.64,47.42
2026-08-04 16:51:35,61.09,54.96,54.82,54.94,54.91,38.15,46.10,49.74,47.52
2026-08-04 16:51:36,61.18,55.03,54.89,55.02,55.01,38.18,46.19,49.82,47.62
2026-08-04 16:51:38,61.28,55.13,54.99,55.10,55.09,38.22,46.26,49.92,47.74
2026-08-04 16:51:39,61.37,55.24,55.08,55.21,55.20,38.25,46.34,50.03,47.80
2026-08-04 16:51:40,61.46,55.32,55.17,55.27,55.27,38.30,46.42,50.09,47.92
2026-08-04 16:51:42,61.54,55.40,55.26,55.36,55.37,38.28,46.53,50.19,48.04
2026-08-04 16:51:43,61.64,55.49,55.35,55.46,55.47,38.34,46.64,50.29,48.14
2026-08-04 16:51:44,61.73,55.59,55.46,55.54,55.54,38.38,46.73,50.38,48.21
2026-08-04 16:51:45,61.81,55.67,55.54,55.63,55.65,38.41,46.78,50.45,48.32
2026-08-04 16:51:47,61.91,55.77,55.62,55.72,55.73,38.51,46.87,50.55,48.42
2026-08-04 16:51:48,62.01,55.85,55.72,55.81,55.83,38.45,46.96,50.63,48.50
2026-08-04 16:51:49,62.08,55.95,55.80,55.91,55.91,38.46,47.07,50.73,48.59
2026-08-04 16:51:50,62.20,56.05,55.88,56.00,55.99,38.52,47.15,50.80,48.70
2026-08-04 16:51:52,62.28,56.13,55.99,56.12,56.10,38.55,47.23,50.89,48.80
2026-08-04 16:51:53,62.36,56.23,56.06,56.19,56.17,38.54,47.30,50.98,48.90
2026-08-04 16:51:54,62.45,56.31,56.15,56.28,56.25,38.68,47.38,51.09,48.96
2026-08-04 16:51:56,62.54,56.40,56.24,56.38,56.37,38.61,47.47,51.15,49.07
2026-08-04 16:51:57,62.63,56.49,56.33,56.48,56.46,38.67,47.59,51.28,49.20
2026-08-04 16:51:58,62.73,56.59,56.41,56.56,56.53,38.72,47.67,51.32,49.29
2026-08-04 16:51:59,62.83,56.67,56.51,56.61,56.63,38.76,47.75,51.41,49.42
2026-08-04 16:52:01,62.91,56.77,56.59,56.72,56.74,38.79,47.83,51.48,49.50
2026-08-04 16:52:02,63.00,56.87,56.66,56.79,56.82,38.79,47.87,51.54,49.58
2026-08-04 16:52:03,63.09,56.95,56.76,56.90,56.90,38.78,47.95,51.64,49.70
2026-08-04 16:52:04,63.19,57.05,56.84,56.99,57.00,38.86,48.08,51.75,49.80
2026-08-04 16:52:06,63.27,57.12,56.93,57.04,57.08,38.87,48.15,51.80,49.87
2026-08-04 16:52:07,63.36,57.23,57.02,57.15,57.19,38.87,48.25,51.89,49.95
2026-08-04 16:52:08,63.44,57.31,57.12,57.21,57.26,38.88,48.29,51.96,50.03
2026-08-04 16:52:09,63.51,57.38,57.20,57.29,57.31,38.91,48.37,52.08,50.12
2026-08-04 16:52:10,63.58,57.45,57.26,57.37,57.38,38.95,48.40,52.13,50.17
2026-08-04 16:52:11,63.65,57.52,57.32,57.43,57.44,38.96,48.45,52.23,50.25
2026-08-04 16:52:12,63.71,57.58,57.40,57.48,57.52,38.97,48.51,52.30,50.36
2026-08-04 16:52:13,63.78,57.65,57.47,57.56,57.59,39.01,48.56,52.35,50.44
2026-08-04 16:52:14,63.86,57.72,57.53,57.64,57.67,39.01,48.58,52.41,50.49
2026-08-04 16:52:15,63.93,57.79,57.60,57.72,57.73,39.11,48.66,52.49,50.62
2026-08-04 16:52:16,64.00,57.85,57.67,57.78,57.79,39.07,48.69,52.54,50.69
2026-08-04 16:52:17,64.06,57.92,57.73,57.86,57.86,39.09,48.77,52.61,50.76
2026-08-04 16:52:18,64.13,57.99,57.81,57.95,57.94,39.12,48.84,52.65,50.88
2026-08-04 16:52:19,64.20,58.07,57.87,58.01,57.99,39.16,48.89,52.75,50.94
2026-08-04 16:52:20,64.27,58.13,57.93,58.07,58.06,39.16,48.95,52.82,51.03
2026-08-04 16:52:22,64.39,58.24,58.08,58.21,58.18,39.14,49.08,52.95,51.17
2026-08-04 16:52:23,64.48,58.33,58.15,58.30,58.29,39.23,49.19,53.06,51.25
2026-08-04 16:52:24,64.56,58.43,58.25,58.42,58.39,39.24,49.28,53.12,51.39
2026-08-04 16:52:26,64.65,58.52,58.34,58.48,58.46,39.28,49.38,53.23,51.52
2026-08-04 16:52:27,64.74,58.60,58.40,58.55,58.55,39.29,49.45,53.30,51.61
2026-08-04 16:52:28,64.84,58.70,58.48,58.64,58.64,39.32,49.54,53.34,51.70
2026-08-04 16:52:29,64.93,58.79,58.57,58.74,58.73,39.34,49.66,53.44,51.81
2026-08-04 16:52:31,65.03,58.88,58.64,58.81,58.82,39.40,49.69,53.55,51.93
2026-08-04 16:52:32,65.12,58.98,58.72,58.90,58.91,39.42,49.83,53.63,52.01
2026-08-04 16:52:33,65.20,59.06,58.83,58.97,59.01,39.38,49.92,53.69,52.10
2026-08-04 16:52:34,65.28,59.17,58.92,59.05,59.09,39.40,49.96,53.76,52.19
2026-08-04 16:52:36,65.36,59.25,58.99,59.14,59.18,39.45,50.07,53.84,52.31
2026-08-04 16:52:37,65.46,59.32,59.10,59.22,59.26,39.50,50.18,53.92,52.38
2026-08-04 16:52:38,65.54,59.40,59.20,59.30,59.33,39.50,50.28,54.00,52.52
2026-08-04 16:52:39,65.61,59.50,59.27,59.39,59.43,39.53,50.33,54.06,52.58
2026-08-04 16:52:41,65.70,59.57,59.36,59.49,59.50,39.54,50.45,54.14,52.70
2026-08-04 16:52:42,65.79,59.66,59.44,59.56,59.58,39.54,50.51,54.23,52.77
2026-08-04 16:52:43,65.87,59.75,59.52,59.65,59.69,39.59,50.58,54.30,52.85
2026-08-04 16:52:44,65.95,59.84,59.59,59.74,59.74,39.60,50.68,54.41,52.95
2026-08-04 16:52:46,66.03,59.91,59.69,59.82,59.82,39.67,50.80,54.48,53.02
2026-08-04 16:52:47,66.12,59.98,59.79,59.92,59.93,39.65,50.86,54.56,53.12
2026-08-04 16:52:48,66.21,60.07,59.88,60.02,60.01,39.72,50.96,54.65,53.17
2026-08-04 16:52:49,66.29,60.16,59.94,60.11,60.09,39.74,51.03,54.71,53.25
2026-08-04 16:52:51,66.39,60.24,60.02,60.18,60.19,39.76,51.11,54.78,53.33
2026-08-04 16:52:52,66.47,60.32,60.12,60.29,60.28,39.77,51.27,54.86,53.43
2026-08-04 16:52:53,66.55,60.42,60.20,60.36,60.39,39.84,51.48,54.93,53.54
2026-08-04 16:52:54,66.64,60.51,60.29,60.43,60.45,39.85,51.58,55.00,53.62
2026-08-04 16:52:56,66.75,60.59,60.35,60.52,60.53,39.88,51.71,55.07,53.70
2026-08-04 16:52:57,66.83,60.69,60.44,60.61,60.63,39.90,51.82,55.15,53.82
2026-08-04 16:52:58,66.92,60.79,60.53,60.69,60.72,39.95,51.94,55.21,53.91
2026-08-04 16:52:59,67.00,60.87,60.60,60.77,60.80,39.95,52.05,55.29,54.05
2026-08-04 16:53:01,67.10,60.95,60.69,60.85,60.89,39.97,52.14,55.36,54.16
2026-08-04 16:53:02,67.18,61.06,60.77,60.93,60.98,39.90,52.23,55.45,54.23
2026-08-04 16:53:03,67.27,61.12,60.86,61.02,61.06,39.97,52.32,55.51,54.31
2026-08-04 16:53:04,67.36,61.22,60.94,61.09,61.16,40.01,52.37,55.57,54.42
2026-08-04 16:53:06,67.44,61.30,61.04,61.18,61.24,40.07,52.46,55.67,54.49
2026-08-04 16:53:07,67.52,61.39,61.11,61.27,61.32,40.02,52.56,55.72,54.57
2026-08-04 16:53:08,67.60,61.46,61.19,61.33,61.39,40.08,52.69,55.77,54.66
2026-08-04 16:53:10,67.68,61.54,61.27,61.42,61.49,40.14,52.80,55.85,54.77
2026-08-04 16:53:11,67.76,61.63,61.39,61.50,61.58,40.17,52.91,55.92,54.85
2026-08-04 16:53:12,67.85,61.72,61.45,61.59,61.66,40.19,53.06,55.96,54.93
2026-08-04 16:53:13,67.92,61.79,61.55,61.67,61.74,40.19,53.15,56.06,55.06
2026-08-04 16:53:15,68.01,61.87,61.63,61.76,61.81,40.26,53.24,56.08,55.12
2026-08-04 16:53:16,68.10,61.96,61.71,61.87,61.93,40.31,53.36,56.15,55.20
2026-08-04 16:53:17,68.18,62.04,61.79,61.94,61.98,40.31,53.44,56.23,55.29
2026-08-04 16:53:18,68.26,62.12,61.87,62.04,62.08,40.42,53.54,56.33,55.37
2026-08-04 16:53:20,68.36,62.20,61.96,62.13,62.16,40.40,53.65,56.39,55.49
2026-08-04 16:53:21,68.44,62.30,62.04,62.21,62.23,40.43,53.72,56.48,55.56
2026-08-04 16:53:22,68.52,62.39,62.13,62.29,62.32,40.41,53.82,56.53,55.65
2026-08-04 16:53:23,68.62,62.47,62.20,62.38,62.42,40.47,53.91,56.63,55.73
2026-08-04 16:53:25,68.71,62.55,62.29,62.47,62.51,40.50,54.00,56.68,55.79
2026-08-04 16:53:26,68.79,62.65,62.36,62.52,62.60,40.46,54.07,56.75,55.85
2026-08-04 16:53:27,68.88,62.75,62.44,62.60,62.69,40.50,54.17,56.83,55.96
2026-08-04 16:53:28,68.98,62.83,62.53,62.68,62.78,40.52,54.31,56.91,56.04
2026-08-04 16:53:30,69.06,62.90,62.62,62.77,62.85,40.58,54.39,56.94,56.09
2026-08-04 16:53:31,69.14,63.00,62.69,62.84,62.93,40.56,54.45,57.02,56.16
2026-08-04 16:53:32,69.22,63.08,62.77,62.92,63.01,40.61,54.54,57.08,56.20
2026-08-04 16:53:33,69.31,63.15,62.86,63.01,63.10,40.62,54.66,57.16,56.27
2026-08-04 16:53:35,69.38,63.25,62.95,63.09,63.18,40.61,54.71,57.22,56.35
2026-08-04 16:53:36,69.47,63.33,63.01,63.17,63.27,40.61,54.83,57.30,56.40
2026-08-04 16:53:37,69.55,63.40,63.10,63.24,63.33,40.67,54.90,57.35,56.47
2026-08-04 16:53:38,69.63,63.49,63.19,63.34,63.44,40.71,54.98,57.41,56.53
2026-08-04 16:53:40,69.72,63.57,63.27,63.42,63.51,40.71,55.11,57.47,56.60
2026-08-04 16:53:41,69.79,63.64,63.35,63.50,63.60,40.74,55.17,57.53,56.71
2026-08-04 16:53:42,69.88,63.72,63.43,63.58,63.66,40.82,55.25,57.62,56.79
2026-08-04 16:53:43,69.96,63.80,63.50,63.65,63.75,40.81,55.33,57.64,56.87
2026-08-04 16:53:45,70.03,63.89,63.59,63.75,63.84,40.87,55.40,57.72,56.96
2026-08-04 16:53:46,70.12,63.97,63.67,63.85,63.91,40.94,55.49,57.79,57.05
2026-08-04 16:53:47,70.21,64.04,63.76,63.92,64.00,40.96,55.59,57.83,57.13
2026-08-04 16:53:48,70.30,64.14,63.84,64.02,64.08,40.98,55.65,57.92,57.20
2026-08-04 16:53:50,70.38,64.22,63.93,64.09,64.17,41.04,55.73,57.99,57.33
2026-08-04 16:53:51,70.46,64.31,63.99,64.17,64.27,41.00,55.81,58.05,57.39
2026-08-04 16:53:52,70.56,64.39,64.09,64.28,64.36,41.15,55.87,58.12,57.45
2026-08-04 16:53:53,70.65,64.49,64.19,64.35,64.43,41.10,55.93,58.18,57.54
2026-08-04 16:53:55,70.73,64.58,64.26,64.42,64.53,41.17,56.04,58.29,57.61
2026-08-04 16:53:56,70.83,64.66,64.34,64.51,64.59,41.29,56.13,58.34,57.67
2026-08-04 16:53:57,70.91,64.73,64.44,64.58,64.68,41.29,56.17,58.37,57.77
2026-08-04 16:53:58,70.99,64.82,64.52,64.67,64.77,41.40,56.27,58.45,57.87
2026-08-04 16:54:00,71.07,64.90,64.59,64.73,64.85,41.42,56.31,58.54,57.90
2026-08-04 16:54:01,71.15,64.98,64.69,64.82,64.92,41.49,56.36,58.60,58.00
2026-08-04 16:54:02,71.23,65.06,64.78,64.90,65.01,41.56,56.42,58.67,58.10
2026-08-04 16:54:03,71.30,65.15,64.86,65.00,65.08,41.60,56.47,58.75,58.17
2026-08-04 16:54:05,71.39,65.22,64.95,65.07,65.15,41.68,56.49,58.83,58.21
2026-08-04 16:54:06,71.48,65.29,65.03,65.16,65.25,41.68,56.54,58.89,58.28
2026-08-04 16:54:07,71.55,65.37,65.11,65.24,65.31,41.81,56.57,58.95,58.35
2026-08-04 16:54:08,71.63,65.45,65.18,65.33,65.40,41.85,56.63,59.02,58.43
2026-08-04 16:54:10,71.72,65.52,65.26,65.39,65.48,41.95,56.69,59.09,58.46
2026-08-04 16:54:11,71.79,65.60,65.35,65.51,65.56,41.96,56.71,59.19,58.56
2026-08-04 16:54:12,71.88,65.70,65.43,65.58,65.65,42.03,56.78,59.24,58.63
2026-08-04 16:54:13,71.95,65.75,65.51,65.66,65.72,42.09,56.83,59.30,58.68
2026-08-04 16:54:15,72.05,65.85,65.59,65.75,65.80,42.16,56.93,59.38,58.79
2026-08-04 16:54:16,72.13,65.94,65.67,65.83,65.90,42.23,56.97,59.45,58.83
2026-08-04 16:54:17,72.21,66.02,65.75,65.92,65.97,42.25,57.05,59.51,58.91
2026-08-04 16:54:18,72.30,66.11,65.83,65.99,66.05,42.30,57.14,59.59,59.01
2026-08-04 16:54:20,72.39,66.19,65.93,66.06,66.14,42.43,57.20,59.66,59.08
2026-08-04 16:54:21,72.47,66.28,65.98,66.14,66.22,42.48,57.29,59.70,59.16
2026-08-04 16:54:22,72.55,66.37,66.07,66.21,66.32,42.55,57.38,59.80,59.27
2026-08-04 16:54:23,72.65,66.45,66.14,66.29,66.40,42.69,57.46,59.84,59.32
2026-08-04 16:54:25,72.73,66.53,66.24,66.39,66.50,42.78,57.53,59.92,59.40
2026-08-04 16:54:26,72.81,66.62,66.32,66.47,66.58,42.87,57.59,59.99,59.48
2026-08-04 16:54:27,72.88,66.70,66.40,66.53,66.63,43.01,57.70,59.98,59.57
2026-08-04 16:54:28,72.97,66.78,66.47,66.62,66.71,43.17,57.74,60.12,59.60
2026-08-04 16:54:30,73.05,66.85,66.57,66.70,66.80,43.35,57.81,60.19,59.70
2026-08-04 16:54:31,73.12,66.95,66.65,66.77,66.88,43.42,57.88,60.29,59.78
2026-08-04 16:54:32,73.20,67.01,66.73,66.85,66.95,43.53,57.94,60.35,59.85
2026-08-04 16:54:34,73.29,67.08,66.84,66.95,67.03,43.67,58.00,60.40,59.93
2026-08-04 16:54:35,73.37,67.17,66.91,67.01,67.11,43.80,58.03,60.47,59.98
2026-08-04 16:54:36,73.44,67.25,67.00,67.11,67.21,44.04,58.12,60.56,60.06
2026-08-04 16:54:37,73.53,67.33,67.07,67.19,67.28,44.13,58.16,60.66,60.13
2026-08-04 16:54:39,73.62,67.39,67.14,67.26,67.35,44.24,58.20,60.71,60.19
2026-08-04 16:54:40,73.69,67.49,67.22,67.36,67.43,44.33,58.29,60.78,60.23
2026-08-04 16:54:41,73.76,67.56,67.31,67.44,67.51,44.40,58.34,60.88,60.31
2026-08-04 16:54:42,73.85,67.64,67.37,67.51,67.59,44.50,58.44,60.94,60.35
2026-08-04 16:54:44,73.93,67.71,67.46,67.61,67.68,44.62,58.51,61.02,60.45
2026-08-04 16:54:45,74.02,67.81,67.52,67.67,67.76,44.69,58.57,61.10,60.52
2026-08-04 16:54:46,74.09,67.88,67.61,67.76,67.82,44.81,58.63,61.19,60.59
2026-08-04 16:54:47,74.19,67.96,67.71,67.84,67.92,44.89,58.67,61.26,60.66
2026-08-04 16:54:49,74.26,68.05,67.78,67.93,68.00,44.96,58.74,61.37,60.71
2026-08-04 16:54:50,74.34,68.13,67.84,68.00,68.09,45.10,58.84,61.46,60.76
2026-08-04 16:54:51,74.43,68.20,67.93,68.08,68.14,45.13,58.90,61.54,60.87
2026-08-04 16:54:52,74.52,68.28,68.02,68.17,68.24,45.21,58.95,61.62,60.96
2026-08-04 16:54:54,74.60,68.37,68.08,68.26,68.33,45.30,59.00,61.68,60.99
2026-08-04 16:54:55,74.67,68.45,68.17,68.32,68.41,45.31,59.03,61.72,61.08
2026-08-04 16:54:56,74.76,68.52,68.24,68.39,68.48,45.40,59.13,61.79,61.13
2026-08-04 16:54:57,74.83,68.61,68.35,68.48,68.56,45.47,59.19,61.89,61.26
2026-08-04 16:54:59,74.91,68.69,68.41,68.58,68.64,45.53,59.24,61.95,61.32
2026-08-04 16:55:00,75.00,68.76,68.48,68.64,68.71,45.60,59.29,61.99,61.37
2026-08-04 16:55:01,75.08,68.84,68.58,68.71,68.78,45.63,59.35,62.07,61.46
2026-08-04 16:55:02,75.16,68.92,68.66,68.81,68.91,45.74,59.40,62.14,61.54
2026-08-04 16:55:04,75.24,69.01,68.75,68.86,68.97,45.85,59.46,62.21,61.62
2026-08-04 16:55:14,75.92,69.67,69.38,69.49,69.62,46.37,59.99,62.76,62.24
2026-08-04 16:55:15,76.00,69.74,69.46,69.58,69.71,46.41,60.08,62.82,62.32
2026-08-04 16:55:16,76.08,69.83,69.53,69.67,69.79,46.38,60.16,62.84,62.40
2026-08-04 16:55:18,76.16,69.91,69.63,69.75,69.87,46.40,60.21,62.91,62.46
2026-08-04 16:55:19,76.25,69.98,69.72,69.81,69.95,46.39,60.32,62.94,62.55
2026-08-04 16:55:20,76.32,70.07,69.77,69.90,70.03,46.43,60.39,62.99,62.66
2026-08-04 16:55:21,76.39,70.15,69.86,69.96,70.10,46.46,60.48,63.05,62.73
2026-08-04 16:55:23,76.47,70.22,69.93,70.05,70.17,46.49,60.54,63.07,62.82
2026-08-04 16:55:24,76.55,70.29,70.02,70.13,70.26,46.56,60.60,63.18,62.91
2026-08-04 16:55:25,76.63,70.37,70.09,70.22,70.34,46.63,60.65,63.19,62.98
2026-08-04 16:55:26,76.70,70.45,70.18,70.29,70.41,46.74,60.73,63.27,63.06
2026-08-04 16:55:28,76.79,70.52,70.26,70.37,70.48,46.91,60.78,63.35,63.15
2026-08-04 16:55:29,76.85,70.60,70.34,70.47,70.57,46.98,60.79,63.39,63.23
2026-08-04 16:55:30,76.94,70.68,70.42,70.54,70.63,47.10,60.84,63.44,63.29
2026-08-04 16:55:31,77.01,70.75,70.49,70.62,70.73,47.21,60.87,63.53,63.37
2026-08-04 16:55:33,77.10,70.83,70.57,70.70,70.78,47.35,60.89,63.57,63.41
2026-08-04 16:55:34,77.18,70.90,70.64,70.78,70.88,47.43,60.94,63.64,63.51
2026-08-04 16:55:35,77.25,70.99,70.73,70.85,70.94,47.56,60.99,63.73,63.57
2026-08-04 16:55:36,77.33,71.06,70.81,70.94,71.04,47.64,61.01,63.78,63.60
2026-08-04 16:55:38,77.42,71.14,70.87,71.02,71.09,47.68,61.10,63.88,63.65
2026-08-04 16:55:39,77.50,71.24,70.95,71.09,71.21,47.73,61.16,63.93,63.70
2026-08-04 16:55:40,77.57,71.30,71.02,71.15,71.26,47.83,61.22,63.99,63.72
2026-08-04 16:55:41,77.63,71.37,71.09,71.20,71.32,47.83,61.26,64.06,63.76
2026-08-04 16:55:42,77.70,71.44,71.14,71.27,71.38,47.89,61.34,64.12,63.79
2026-08-04 16:55:43,77.77,71.50,71.21,71.33,71.45,47.89,61.39,64.22,63.85
2026-08-04 16:55:44,77.83,71.56,71.27,71.40,71.52,47.91,61.45,64.26,63.88
2026-08-04 16:55:45,77.89,71.63,71.34,71.47,71.57,47.90,61.52,64.33,63.91
2026-08-04 16:55:46,77.95,71.69,71.39,71.52,71.64,47.89,61.59,64.39,63.93
2026-08-04 16:55:47,78.02,71.76,71.45,71.59,71.69,47.91,61.68,64.50,63.96
2026-08-04 16:55:48,78.08,71.83,71.52,71.65,71.76,47.81,61.74,64.54,64.00
2026-08-04 16:55:49,78.14,71.88,71.56,71.72,71.83,47.90,61.76,64.63,64.05
2026-08-04 16:55:50,78.21,71.94,71.63,71.77,71.88,47.87,61.89,64.67,64.06
2026-08-04 16:55:51,78.27,72.01,71.69,71.82,71.96,47.87,61.95,64.76,64.08
2026-08-04 16:55:52,78.33,72.07,71.74,71.91,72.01,47.83,62.03,64.81,64.13
2026-08-04 16:55:53,78.39,72.13,71.79,71.96,72.07,47.73,62.10,64.86,64.20
2026-08-04 16:55:54,78.45,72.19,71.85,72.01,72.13,47.71,62.20,64.90,64.23
2026-08-04 16:55:55,78.51,72.25,71.91,72.07,72.19,47.71,62.29,64.95,64.28
2026-08-04 16:55:56,78.57,72.31,71.97,72.13,72.26,47.71,62.33,65.00,64.31
2026-08-04 16:55:57,78.63,72.36,72.04,72.19,72.32,47.74,62.37,65.03,64.35
2026-08-04 16:55:58,78.69,72.42,72.11,72.27,72.36,47.85,62.46,65.07,64.42
2026-08-04 16:55:59,78.75,72.48,72.18,72.32,72.44,47.90,62.48,65.12,64.46
2026-08-04 16:56:00,78.81,72.54,72.24,72.39,72.50,47.93,62.53,65.16,64.51
2026-08-04 16:56:01,78.89,72.61,72.30,72.45,72.58,47.91,62.57,65.21,64.58
2026-08-04 16:56:02,78.95,72.67,72.36,72.52,72.63,47.87,62.64,65.24,64.61
2026-08-04 16:56:03,79.01,72.73,72.43,72.58,72.69,47.91,62.65,65.30,64.65
2026-08-04 16:56:04,79.08,72.80,72.49,72.64,72.76,47.94,62.75,65.35,64.68
2026-08-04 16:56:05,79.14,72.85,72.54,72.69,72.82,47.91,62.81,65.39,64.75
2026-08-04 16:56:06,79.20,72.92,72.63,72.75,72.87,47.95,62.86,65.42,64.79
2026-08-04 16:56:07,79.27,72.97,72.68,72.81,72.94,48.01,62.92,65.48,64.84
2026-08-04 16:56:09,79.39,73.11,72.82,72.94,73.06,48.14,63.01,65.57,64.95
2026-08-04 16:56:10,79.45,73.17,72.88,73.01,73.13,48.19,63.03,65.60,65.02
2026-08-04 16:56:11,79.51,73.23,72.93,73.06,73.20,48.21,63.09,65.67,65.05
2026-08-04 16:56:12,79.58,73.30,72.99,73.12,73.26,48.28,63.17,65.74,65.12
2026-08-04 16:56:13,79.64,73.35,73.05,73.17,73.32,48.28,63.19,65.79,65.14
2026-08-04 16:56:14,79.71,73.42,73.11,73.24,73.39,48.32,63.26,65.85,65.19
2026-08-04 16:56:15,79.77,73.48,73.16,73.29,73.45,48.28,63.33,65.90,65.24
2026-08-04 16:56:16,79.83,73.55,73.21,73.37,73.51,48.32,63.41,65.96,65.30
2026-08-04 16:56:17,79.89,73.61,73.26,73.42,73.56,48.34,63.47,66.02,65.36
2026-08-04 16:56:18,79.95,73.66,73.32,73.47,73.61,48.36,63.52,66.06,65.40
2026-08-04 16:56:19,80.02,73.72,73.39,73.55,73.70,48.41,63.56,66.08,65.49
2026-08-04 16:56:20,80.08,73.79,73.46,73.61,73.76,48.48,63.60,66.15,65.53
2026-08-04 16:56:21,80.14,73.85,73.52,73.68,73.82,48.55,63.65,66.20,65.55
2026-08-04 16:56:22,80.20,73.91,73.58,73.72,73.87,48.61,63.65,66.24,65.60
2026-08-04 16:56:24,80.32,74.01,73.69,73.87,73.98,48.72,63.74,66.35,65.72
2026-08-04 16:56:26,80.38,74.10,73.77,73.94,74.05,48.79,63.73,66.39,65.72
2026-08-04 16:56:27,80.44,74.15,73.82,74.00,74.10,48.85,63.75,66.45,65.77
2026-08-04 16:56:28,80.50,74.21,73.88,74.06,74.17,48.86,63.77,66.51,65.84
2026-08-04 16:56:29,80.56,74.27,73.94,74.13,74.21,48.89,63.79,66.56,65.83
2026-08-04 16:56:30,80.61,74.33,74.02,74.18,74.27,48.90,63.81,66.61,65.88
2026-08-04 16:56:31,80.68,74.40,74.06,74.25,74.34,48.92,63.83,66.68,65.89
2026-08-04 16:56:32,80.73,74.46,74.12,74.28,74.41,48.89,63.86,66.74,65.89
2026-08-04 16:56:33,80.80,74.52,74.18,74.34,74.46,48.93,63.92,66.83,65.94
2026-08-04 16:56:34,80.86,74.59,74.25,74.41,74.53,48.95,63.93,66.90,65.96
2026-08-04 16:56:35,80.92,74.65,74.30,74.46,74.60,48.97,64.02,66.97,65.99
2026-08-04 16:56:36,80.99,74.72,74.37,74.53,74.65,48.99,64.03,67.00,66.02
2026-08-04 16:56:37,81.04,74.78,74.43,74.58,74.71,49.07,64.09,67.06,66.09
2026-08-04 16:56:38,81.11,74.83,74.48,74.65,74.77,49.08,64.09,67.10,66.13
2026-08-04 16:56:39,81.17,74.90,74.56,74.71,74.82,49.12,64.11,67.13,66.18
2026-08-04 16:56:40,81.23,74.96,74.61,74.77,74.90,49.11,64.11,67.17,66.21
2026-08-04 16:56:41,81.29,75.03,74.66,74.82,74.96,49.14,64.11,67.20,66.20
2026-08-04 16:56:42,81.35,75.08,74.73,74.88,75.02,49.07,64.14,67.26,66.21
2026-08-04 16:56:43,81.41,75.15,74.79,74.95,75.07,49.16,64.17,67.35,66.24
2026-08-04 16:56:44,81.48,75.21,74.83,75.02,75.13,49.17,64.20,67.37,66.25
2026-08-04 16:56:45,81.53,75.27,74.88,75.08,75.19,49.18,64.24,67.43,66.24
2026-08-04 16:56:46,81.59,75.31,74.95,75.14,75.24,49.19,64.25,67.49,66.28
2026-08-04 16:56:47,81.64,75.37,75.00,75.20,75.31,49.19,64.29,67.55,66.27
2026-08-04 16:56:48,81.70,75.43,75.06,75.27,75.36,49.21,64.30,67.58,66.33
2026-08-04 16:56:49,81.78,75.49,75.15,75.35,75.43,49.20,64.32,67.63,66.36
2026-08-04 16:56:50,81.83,75.55,75.23,75.41,75.47,49.24,64.37,67.63,66.38
2026-08-04 16:56:51,81.89,75.60,75.27,75.47,75.54,49.28,64.37,67.74,66.41
2026-08-04 16:56:52,81.96,75.68,75.34,75.52,75.61,49.32,64.39,67.77,66.43
2026-08-04 16:56:53,82.01,75.72,75.38,75.59,75.65,49.35,64.41,67.80,66.46
2026-08-04 16:56:54,82.07,75.78,75.44,75.64,75.72,49.40,64.46,67.85,66.50
2026-08-04 16:56:55,82.13,75.84,75.51,75.69,75.78,49.39,64.45,67.91,66.53
2026-08-04 16:56:56,82.19,75.90,75.55,75.73,75.83,49.42,64.47,67.95,66.54
2026-08-04 16:56:57,82.25,75.96,75.62,75.80,75.88,49.37,64.49,68.01,66.56
2026-08-04 16:56:58,82.31,76.02,75.66,75.87,75.95,49.37,64.56,68.07,66.58
2026-08-04 16:56:59,82.37,76.09,75.72,75.91,76.00,49.37,64.64,68.14,66.62
2026-08-04 16:57:00,82.44,76.17,75.80,75.99,76.08,49.41,64.70,68.20,66.67
2026-08-04 16:57:01,82.49,76.21,75.84,76.02,76.13,49.45,64.80,68.27,66.72
2026-08-04 16:57:02,82.55,76.27,75.89,76.10,76.19,49.45,64.86,68.36,66.77
2026-08-04 16:57:03,82.61,76.34,75.96,76.16,76.25,49.52,64.91,68.36,66.83
2026-08-04 16:57:04,82.68,76.39,76.02,76.22,76.31,49.61,64.97,68.43,66.88
2026-08-04 16:57:05,82.73,76.45,76.07,76.27,76.37,49.63,65.01,68.49,66.93
2026-08-04 16:57:06,82.79,76.52,76.13,76.34,76.41,49.67,65.05,68.52,66.95
2026-08-04 16:57:07,82.85,76.58,76.18,76.39,76.49,49.68,65.12,68.59,67.05
2026-08-04 16:57:08,82.91,76.63,76.25,76.44,76.53,49.70,65.14,68.63,67.10
2026-08-04 16:57:09,82.96,76.69,76.30,76.51,76.59,49.71,65.20,68.71,67.15
2026-08-04 16:57:10,83.02,76.74,76.36,76.57,76.65,49.74,65.23,68.75,67.21
2026-08-04 16:57:11,83.08,76.80,76.42,76.66,76.71,49.77,65.27,68.81,67.27
2026-08-04 16:57:12,83.13,76.86,76.49,76.71,76.78,49.80,65.33,68.88,67.31
2026-08-04 16:57:13,83.19,76.92,76.55,76.76,76.83,49.77,65.36,68.95,67.38
2026-08-04 16:57:14,83.25,76.98,76.61,76.82,76.89,49.83,65.45,69.01,67.41
2026-08-04 16:57:15,83.31,77.04,76.68,76.87,76.94,49.86,65.52,69.07,67.45
2026-08-04 16:57:16,83.37,77.09,76.72,76.93,77.01,49.89,65.61,69.15,67.52
2026-08-04 16:57:17,83.42,77.15,76.78,76.99,77.07,49.95,65.66,69.21,67.59
2026-08-04 16:57:18,83.49,77.21,76.85,77.05,77.13,50.03,65.71,69.25,67.61
2026-08-04 16:57:19,83.55,77.27,76.91,77.11,77.18,50.15,65.82,69.30,67.73
2026-08-04 16:57:20,83.61,77.34,76.97,77.16,77.27,50.24,65.83,69.34,67.76
2026-08-04 16:57:21,83.68,77.39,77.04,77.21,77.29,50.37,65.90,69.40,67.83
2026-08-04 16:57:23,83.81,77.51,77.15,77.33,77.41,50.52,66.03,69.54,67.99
2026-08-04 16:57:24,83.86,77.58,77.21,77.39,77.49,50.53,66.08,69.58,68.03
2026-08-04 16:57:25,83.92,77.63,77.26,77.45,77.55,50.59,66.15,69.66,68.09
2026-08-04 16:57:26,83.98,77.70,77.33,77.51,77.59,50.60,66.21,69.69,68.13
2026-08-04 16:57:27,84.04,77.76,77.36,77.56,77.66,50.59,66.25,69.76,68.19
2026-08-04 16:57:29,84.12,77.83,77.46,77.65,77.74,50.55,66.33,69.81,68.21
2026-08-04 16:57:30,84.18,77.89,77.50,77.71,77.81,50.54,66.40,69.88,68.22
2026-08-04 16:57:31,84.24,77.95,77.57,77.76,77.86,50.52,66.46,69.93,68.28
2026-08-04 16:57:32,84.30,78.02,77.61,77.82,77.91,50.55,66.55,69.98,68.29
2026-08-04 16:57:33,84.36,78.08,77.68,77.88,77.98,50.59,66.64,70.04,68.34
2026-08-04 16:57:34,84.41,78.14,77.74,77.93,78.05,50.61,66.69,70.06,68.37
2026-08-04 16:57:35,84.47,78.20,77.79,77.99,78.09,50.64,66.77,70.09,68.46
2026-08-04 16:57:36,84.53,78.25,77.85,78.05,78.17,50.61,66.84,70.16,68.49
2026-08-04 16:57:37,84.59,78.30,77.89,78.11,78.21,50.58,66.91,70.22,68.55
2026-08-04 16:57:38,84.64,78.37,77.95,78.17,78.27,50.52,67.01,70.29,68.61
2026-08-04 16:57:39,84.70,78.42,78.02,78.22,78.33,50.56,67.05,70.32,68.64
2026-08-04 16:57:40,84.75,78.47,78.06,78.28,78.38,50.55,67.10,70.39,68.69
2026-08-04 16:57:41,84.80,78.53,78.13,78.33,78.44,50.58,67.20,70.46,68.78
2026-08-04 16:57:42,84.86,78.59,78.18,78.40,78.51,50.58,67.26,70.49,68.82
2026-08-04 16:57:43,84.92,78.64,78.25,78.45,78.55,50.61,67.32,70.56,68.88
2026-08-04 16:57:44,84.98,78.70,78.30,78.51,78.62,50.62,67.42,70.58,68.94
2026-08-04 16:57:45,85.03,78.76,78.35,78.55,78.68,50.61,67.48,70.65,68.99
2026-08-04 16:57:46,85.09,78.82,78.42,78.63,78.74,50.60,67.55,70.67,69.07
2026-08-04 16:57:47,85.15,78.88,78.46,78.67,78.79,50.62,67.64,70.71,69.15
2026-08-04 16:57:48,85.22,78.95,78.54,78.74,78.87,50.58,67.70,70.75,69.18
2026-08-04 16:57:49,85.28,79.01,78.59,78.78,78.93,50.64,67.74,70.79,69.23
2026-08-04 16:57:50,85.33,79.07,78.65,78.84,78.98,50.65,67.81,70.87,69.29
2026-08-04 16:57:51,85.40,79.13,78.69,78.88,79.03,50.67,67.91,70.88,69.32
2026-08-04 16:57:52,85.45,79.19,78.75,78.95,79.10,50.67,67.96,70.92,69.39
2026-08-04 16:57:53,85.51,79.25,78.82,79.00,79.17,50.74,68.06,70.98,69.44
2026-08-04 16:57:54,85.58,79.31,78.87,79.06,79.22,50.72,68.11,71.00,69.49
2026-08-04 16:57:55,85.65,79.37,78.92,79.11,79.28,50.72,68.21,71.05,69.58
2026-08-04 16:57:56,85.70,79.43,78.98,79.20,79.34,50.77,68.30,71.07,69.64
2026-08-04 16:57:57,85.76,79.48,79.03,79.23,79.41,50.78,68.39,71.11,69.73
2026-08-04 16:57:58,85.82,79.55,79.09,79.29,79.45,50.80,68.45,71.13,69.79
2026-08-04 16:57:59,85.89,79.61,79.15,79.35,79.51,50.85,68.54,71.17,69.84
2026-08-04 16:58:00,85.94,79.66,79.21,79.41,79.57,50.89,68.59,71.20,69.91
2026-08-04 16:58:01,86.00,79.71,79.25,79.47,79.63,50.95,68.69,71.24,69.94
2026-08-04 16:58:02,86.06,79.77,79.33,79.52,79.69,50.96,68.73,71.25,70.03
2026-08-04 16:58:03,86.12,79.83,79.39,79.58,79.75,50.95,68.80,71.29,70.07
2026-08-04 16:58:04,86.17,79.88,79.44,79.65,79.80,50.98,68.89,71.33,70.17
2026-08-04 16:58:05,86.22,79.94,79.49,79.70,79.85,50.98,68.96,71.38,70.21
2026-08-04 16:58:06,86.28,79.99,79.56,79.78,79.93,50.97,69.01,71.39,70.27
2026-08-04 16:58:07,86.33,80.04,79.61,79.83,79.97,50.98,69.09,71.46,70.36
2026-08-04 16:58:08,86.38,80.10,79.66,79.89,80.04,50.95,69.16,71.52,70.45
2026-08-04 16:58:09,86.44,80.15,79.72,79.94,80.09,50.95,69.23,71.55,70.50
2026-08-04 16:58:10,86.50,80.21,79.78,79.99,80.15,50.90,69.30,71.58,70.57
2026-08-04 16:58:11,86.55,80.27,79.83,80.06,80.21,50.90,69.40,71.63,70.65
2026-08-04 16:58:12,86.61,80.32,79.89,80.11,80.27,50.87,69.43,71.64,70.70
2026-08-04 16:58:13,86.66,80.38,79.95,80.16,80.33,50.86,69.56,71.67,70.77
2026-08-04 16:58:14,86.72,80.43,80.01,80.20,80.40,50.90,69.59,71.72,70.81
2026-08-04 16:58:15,86.78,80.50,80.07,80.26,80.45,50.86,69.67,71.74,70.86
2026-08-04 16:58:16,86.84,80.56,80.11,80.32,80.51,50.89,69.72,71.80,70.92
2026-08-04 16:58:17,86.90,80.62,80.17,80.37,80.57,50.87,69.77,71.82,70.97
2026-08-04 16:58:18,86.97,80.69,80.23,80.43,80.64,50.89,69.85,71.84,71.02
2026-08-04 16:58:19,87.03,80.75,80.29,80.48,80.68,50.80,69.92,71.91,71.09
2026-08-04 16:58:20,87.08,80.81,80.35,80.53,80.75,50.81,69.95,71.93,71.14
2026-08-04 16:58:21,87.15,80.87,80.40,80.59,80.81,50.79,69.97,71.97,71.21
2026-08-04 16:58:22,87.20,80.93,80.47,80.65,80.86,50.77,70.01,72.02,71.24
2026-08-04 16:58:23,87.26,80.98,80.52,80.71,80.92,50.66,70.02,72.07,71.27
2026-08-04 16:58:24,87.32,81.04,80.56,80.77,80.98,50.67,70.06,72.13,71.31
2026-08-04 16:58:25,87.38,81.09,80.61,80.82,81.03,50.64,70.09,72.18,71.35
2026-08-04 16:58:26,87.44,81.16,80.68,80.88,81.09,50.66,70.14,72.22,71.37
2026-08-04 16:58:27,87.49,81.22,80.74,80.94,81.15,50.66,70.18,72.27,71.40
2026-08-04 16:58:28,87.55,81.27,80.78,81.00,81.21,50.64,70.23,72.32,71.43
2026-08-04 16:58:29,87.60,81.33,80.82,81.05,81.24,50.61,70.28,72.36,71.48
2026-08-04 16:58:30,87.66,81.38,80.88,81.09,81.30,50.56,70.30,72.40,71.49
2026-08-04 16:58:31,87.71,81.43,80.92,81.14,81.36,50.46,70.32,72.43,71.49
2026-08-04 16:58:32,87.76,81.48,80.97,81.21,81.40,50.38,70.33,72.47,71.49
2026-08-04 16:58:33,87.81,81.53,81.02,81.25,81.45,50.32,70.36,72.49,71.48
2026-08-04 16:58:34,87.86,81.58,81.08,81.32,81.50,50.27,70.37,72.49,71.47
2026-08-04 16:58:35,87.91,81.63,81.13,81.36,81.55,50.20,70.41,72.53,71.46
2026-08-04 16:58:36,87.96,81.69,81.19,81.41,81.60,50.17,70.41,72.55,71.48
2026-08-04 16:58:37,88.02,81.74,81.24,81.47,81.66,50.16,70.47,72.57,71.50
2026-08-04 16:58:38,88.07,81.80,81.28,81.52,81.71,50.14,70.49,72.63,71.52
2026-08-04 16:58:39,88.13,81.86,81.36,81.57,81.77,50.11,70.52,72.65,71.56
2026-08-04 16:58:40,88.18,81.91,81.41,81.61,81.82,50.07,70.56,72.70,71.56
2026-08-04 16:58:41,88.24,81.97,81.46,81.66,81.87,50.05,70.57,72.74,71.58
2026-08-04 16:58:42,88.29,82.02,81.51,81.71,81.93,50.02,70.59,72.79,71.62
2026-08-04 16:58:43,88.35,82.08,81.55,81.78,81.99,50.01,70.65,72.84,71.69
2026-08-04 16:58:44,88.40,82.14,81.62,81.83,82.04,49.99,70.67,72.86,71.70
2026-08-04 16:58:45,88.47,82.19,81.66,81.88,82.10,49.99,70.71,72.92,71.73
2026-08-04 16:58:46,88.53,82.26,81.73,81.93,82.15,50.02,70.73,72.96,71.76
2026-08-04 16:58:48,88.64,82.37,81.84,82.05,82.25,50.01,70.84,73.05,71.79
2026-08-04 16:58:50,88.71,82.44,81.91,82.13,82.33,50.04,70.88,73.14,71.84
2026-08-04 16:58:51,88.78,82.51,81.98,82.19,82.41,50.11,70.93,73.19,71.87
2026-08-04 16:58:52,88.84,82.57,82.03,82.26,82.45,50.15,71.01,73.23,71.90
2026-08-04 16:58:53,88.92,82.64,82.11,82.32,82.53,50.24,71.09,73.28,71.97
2026-08-04 16:58:55,88.99,82.72,82.17,82.40,82.61,50.28,71.18,73.37,72.05
2026-08-04 16:58:56,89.05,82.78,82.24,82.48,82.68,50.31,71.30,73.42,72.13
2026-08-04 16:58:57,89.12,82.85,82.30,82.53,82.75,50.34,71.37,73.49,72.21
2026-08-04 16:58:58,89.19,82.92,82.38,82.62,82.82,50.32,71.44,73.57,72.29
2026-08-04 16:59:00,89.26,82.99,82.45,82.68,82.89,50.32,71.55,73.61,72.36
2026-08-04 16:59:01,89.32,83.05,82.51,82.75,82.95,50.36,71.63,73.67,72.44
2026-08-04 16:59:02,89.40,83.11,82.58,82.82,83.00,50.38,71.71,73.74,72.53
2026-08-04 16:59:03,89.46,83.17,82.65,82.90,83.09,50.40,71.80,73.81,72.65
2026-08-04 16:59:05,89.52,83.24,82.71,82.97,83.16,50.42,71.85,73.88,72.77
2026-08-04 16:59:06,89.59,83.31,82.78,83.03,83.23,50.44,71.91,73.93,72.86
2026-08-04 16:59:07,89.66,83.38,82.86,83.10,83.28,50.48,71.97,74.01,72.96
2026-08-04 16:59:08,89.72,83.43,82.90,83.15,83.34,50.52,72.02,74.09,73.06
2026-08-04 16:59:09,89.78,83.49,82.97,83.21,83.39,50.55,72.04,74.14,73.10
2026-08-04 16:59:10,89.83,83.54,83.02,83.26,83.45,50.57,72.08,74.21,73.16
2026-08-04 16:59:11,89.88,83.59,83.07,83.30,83.51,50.61,72.14,74.29,73.22
2026-08-04 16:59:12,89.94,83.66,83.13,83.37,83.56,50.64,72.15,74.35,73.28
2026-08-04 16:59:13,90.00,83.73,83.20,83.43,83.65,50.66,72.18,74.44,73.34
2026-08-04 16:59:15,90.07,83.80,83.26,83.50,83.69,50.67,72.23,74.53,73.38
2026-08-04 16:59:16,90.13,83.86,83.31,83.53,83.76,50.65,72.27,74.62,73.42
2026-08-04 16:59:17,90.18,83.92,83.37,83.59,83.81,50.64,72.32,74.67,73.42
2026-08-04 16:59:18,90.27,83.98,83.42,83.67,83.88,50.54,72.34,74.74,73.42
2026-08-04 16:59:19,90.35,84.07,83.51,83.74,83.97,50.54,72.39,74.80,73.44
2026-08-04 16:59:21,90.41,84.14,83.57,83.82,84.04,50.58,72.43,74.85,73.45
2026-08-04 16:59:22,90.49,84.21,83.64,83.88,84.08,50.64,72.49,74.92,73.48
2026-08-04 16:59:23,90.55,84.28,83.71,83.96,84.15,50.71,72.53,74.99,73.54
2026-08-04 16:59:24,90.62,84.35,83.79,84.02,84.23,50.76,72.58,75.05,73.61
2026-08-04 16:59:26,90.68,84.42,83.85,84.09,84.29,50.81,72.63,75.12,73.66
2026-08-04 16:59:27,90.75,84.48,83.92,84.17,84.36,50.85,72.69,75.20,73.70
2026-08-04 16:59:28,90.82,84.55,84.00,84.23,84.43,50.88,72.76,75.28,73.75
2026-08-04 16:59:29,90.88,84.62,84.06,84.30,84.49,50.92,72.87,75.37,73.80
2026-08-04 16:59:31,90.95,84.68,84.14,84.38,84.57,50.94,72.96,75.44,73.88
2026-08-04 16:59:32,91.02,84.75,84.19,84.45,84.62,50.95,73.04,75.51,73.94
2026-08-04 16:59:33,91.08,84.81,84.26,84.51,84.69,51.03,73.12,75.58,74.00
2026-08-04 16:59:34,91.14,84.88,84.34,84.58,84.75,51.10,73.20,75.66,74.06
2026-08-04 16:59:36,91.21,84.94,84.40,84.65,84.82,51.19,73.30,75.75,74.11
2026-08-04 16:59:37,91.27,85.00,84.48,84.72,84.90,51.28,73.38,75.76,74.19
2026-08-04 16:59:38,91.34,85.07,84.55,84.78,84.96,51.38,73.45,75.83,74.30
2026-08-04 16:59:39,91.41,85.14,84.62,84.83,85.02,51.47,73.50,75.87,74.38
2026-08-04 16:59:41,91.49,85.21,84.69,84.91,85.10,51.52,73.58,75.96,74.48
2026-08-04 16:59:42,91.56,85.29,84.76,84.97,85.17,51.57,73.65,76.02,74.56
2026-08-04 16:59:43,91.62,85.35,84.84,85.04,85.25,51.67,73.70,76.09,74.69
2026-08-04 16:59:44,91.69,85.42,84.89,85.10,85.29,51.79,73.75,76.17,74.78
2026-08-04 16:59:46,91.76,85.48,84.97,85.18,85.37,51.91,73.80,76.23,74.88
2026-08-04 16:59:47,91.83,85.55,85.04,85.25,85.45,52.01,73.81,76.31,74.94
2026-08-04 16:59:48,91.89,85.62,85.11,85.31,85.50,52.11,73.83,76.40,75.00
2026-08-04 16:59:49,91.97,85.69,85.17,85.37,85.57,52.22,73.87,76.48,75.04
2026-08-04 16:59:51,92.03,85.74,85.24,85.45,85.63,52.31,73.90,76.62,75.11
2026-08-04 16:59:52,92.10,85.83,85.32,85.51,85.69,52.35,73.93,76.67,75.18
2026-08-04 16:59:53,92.17,85.89,85.36,85.59,85.77,52.36,74.01,76.75,75.24
2026-08-04 16:59:55,92.24,85.96,85.43,85.65,85.84,52.32,74.05,76.84,75.29
2026-08-04 16:59:56,92.30,86.02,85.49,85.73,85.90,52.39,74.13,76.92,75.33
2026-08-04 16:59:57,92.37,86.10,85.56,85.80,85.97,52.35,74.20,77.02,75.36
2026-08-04 16:59:58,92.44,86.16,85.62,85.87,86.04,52.41,74.26,77.07,75.44
2026-08-04 17:00:00,92.51,86.22,85.69,85.93,86.11,52.41,74.31,77.14,75.45
2026-08-04 17:00:01,92.58,86.30,85.75,85.99,86.17,52.49,74.38,77.22,75.47
2026-08-04 17:00:02,92.63,86.36,85.81,86.07,86.23,52.51,74.46,77.29,75.49
2026-08-04 17:00:03,92.71,86.42,85.88,86.12,86.29,52.55,74.52,77.36,75.55
2026-08-04 17:00:05,92.77,86.48,85.95,86.19,86.36,52.54,74.57,77.45,75.62
2026-08-04 17:00:06,92.83,86.55,86.00,86.26,86.43,52.56,74.65,77.54,75.66
2026-08-04 17:00:07,92.89,86.62,86.07,86.33,86.50,52.56,74.68,77.62,75.71
2026-08-04 17:00:08,92.97,86.68,86.13,86.37,86.56,52.55,74.74,77.68,75.77
2026-08-04 17:00:10,93.03,86.74,86.20,86.45,86.62,52.56,74.79,77.77,75.82
2026-08-04 17:00:11,93.09,86.81,86.25,86.52,86.69,52.50,74.87,77.85,75.87
2026-08-04 17:00:12,93.16,86.88,86.32,86.58,86.75,52.51,74.95,77.87,75.90
2026-08-04 17:00:13,93.23,86.94,86.40,86.65,86.81,52.49,74.99,77.91,75.94
2026-08-04 17:00:15,93.30,87.01,86.46,86.72,86.88,52.59,75.05,77.92,76.03
2026-08-04 17:00:16,93.35,87.07,86.52,86.78,86.95,52.70,75.07,77.98,76.08
2026-08-04 17:00:17,93.42,87.14,86.58,86.83,87.01,52.72,75.10,77.99,76.14
2026-08-04 17:00:18,93.49,87.20,86.66,86.91,87.08,52.80,75.13,78.07,76.22
2026-08-04 17:00:20,93.55,87.27,86.73,86.98,87.14,52.79,75.19,78.12,76.26
2026-08-04 17:00:21,93.61,87.33,86.77,87.04,87.21,52.80,75.24,78.19,76.32
2026-08-04 17:00:22,93.66,87.38,86.82,87.09,87.27,52.79,75.27,78.22,76.36
2026-08-04 17:00:23,93.72,87.43,86.87,87.15,87.32,52.75,75.33,78.27,76.43
2026-08-04 17:00:24,93.77,87.49,86.92,87.20,87.36,52.74,75.37,78.31,76.50